"","ID","Word","Label","Task","BlockOrder","EventTime","Value","ReactionTime","Key_value_F","Key_value_J","Comments","Group","LogReactionTime","TrialNumber"
"1","undefined","kitten","calibrator_val_feedback","Valence","SV",1748361474928,"positive",1634,"positive","negative","positive;negative","A",7.39878627541995,1
"2","undefined","free","calibrator_val_feedback","Valence","SV",1748361478754,"positive",1069,"positive","negative","positive;negative","A",6.97447891102505,2
"3","undefined","industry","calibrator_val_feedback","Valence","SV",1748361482665,"negative",1151,"positive","negative","positive;negative","A",7.04838640872188,3
"4","undefined","hat","calibrator_val_feedback","Valence","SV",1748361489145,"positive",3724,"positive","negative","positive;negative","A",8.22255363839696,4
"5","undefined","invader","calibrator_val_feedback","Valence","SV",1748361493006,"negative",1096,"positive","negative","positive;negative","A",6.99942246750796,5
"6","undefined","joke","calibrator_val_feedback","Valence","SV",1748361496798,"positive",1031,"positive","negative","positive;negative","A",6.93828448401696,6
"7","undefined","jail","calibrator_val_feedback","Valence","SV",1748361500424,"negative",861,"positive","negative","positive;negative","A",6.75809450442773,7
"8","undefined","icebox","calibrator_val_feedback","Valence","SV",1748361505905,"positive",2721,"positive","negative","positive;negative","A",7.90875473878325,8
"9","undefined","grin","calibrator_val_feedback","Valence","SV",1748361509673,"positive",1008,"positive","negative","positive;negative","A",6.91572344863131,9
"10","undefined","insecure","calibrator_val_feedback","Valence","SV",1748361514457,"negative",2019,"positive","negative","positive;negative","A",7.61035761831284,10
"11","undefined","invader","calibrator_val_no_feedback","Valence","SV",1748361518953,"negative",1734,"A","positive;negative","","",7.45818615734049,11
"12","undefined","grin","calibrator_val_no_feedback","Valence","SV",1748361520595,"positive",881,"A","positive;negative","","",6.78105762593618,12
"13","undefined","industry","calibrator_val_no_feedback","Valence","SV",1748361524174,"negative",2818,"A","positive;negative","","",7.94378269245863,13
"14","undefined","joke","calibrator_val_no_feedback","Valence","SV",1748361525554,"positive",625,"A","positive;negative","","",6.4377516497364,14
"15","undefined","free","calibrator_val_no_feedback","Valence","SV",1748361527072,"positive",760,"A","positive;negative","","",6.63331843328038,15
"16","undefined","hat","calibrator_val_no_feedback","Valence","SV",1748361528577,"positive",743,"A","positive;negative","","",6.61069604471776,16
"17","undefined","kitten","calibrator_val_no_feedback","Valence","SV",1748361529950,"positive",609,"A","positive;negative","","",6.4118182677099,17
"18","undefined","icebox","calibrator_val_no_feedback","Valence","SV",1748361531304,"positive",599,"A","positive;negative","","",6.39526159811545,18
"19","undefined","insecure","calibrator_val_no_feedback","Valence","SV",1748361532785,"negative",722,"A","positive;negative","","",6.58202513889283,19
"20","undefined","jail","calibrator_val_no_feedback","Valence","SV",1748361534225,"negative",679,"A","positive;negative","","",6.5206211275587,20
"21","undefined","industry","calibrator_val_feedback","Valence","VS",1748357280210,"positive",1570,"positive","negative","positive;negative","A",7.35883089834235,21
"22","undefined","jail","calibrator_val_feedback","Valence","VS",1748357283819,"negative",847,"positive","negative","positive;negative","A",6.74170069465205,22
"23","undefined","joke","calibrator_val_feedback","Valence","VS",1748357288119,"positive",1531,"positive","negative","positive;negative","A",7.33367639565768,23
"24","undefined","kitten","calibrator_val_feedback","Valence","VS",1748357292062,"positive",1173,"positive","negative","positive;negative","A",7.06731984865348,24
"25","undefined","grin","calibrator_val_feedback","Valence","VS",1748357295625,"positive",788,"positive","negative","positive;negative","A",6.66949808985788,25
"26","undefined","hat","calibrator_val_feedback","Valence","VS",1748357299080,"positive",685,"positive","negative","positive;negative","A",6.52941883826223,26
"27","undefined","insecure","calibrator_val_feedback","Valence","VS",1748357302613,"negative",758,"positive","negative","positive;negative","A",6.63068338564237,27
"28","undefined","icebox","calibrator_val_feedback","Valence","VS",1748357306432,"positive",1048,"positive","negative","positive;negative","A",6.95463886488099,28
"29","undefined","free","calibrator_val_feedback","Valence","VS",1748357309948,"positive",744,"positive","negative","positive;negative","A",6.61204103483309,29
"30","undefined","invader","calibrator_val_feedback","Valence","VS",1748357313514,"negative",805,"positive","negative","positive;negative","A",6.69084227741856,30
"31","undefined","jail","calibrator_val_no_feedback","Valence","VS",1748357317072,"negative",782,"A","positive;negative","","",6.66185474054531,31
"32","undefined","industry","calibrator_val_no_feedback","Valence","VS",1748357319931,"positive",2091,"A","positive;negative","","",7.64539769942863,32
"33","undefined","grin","calibrator_val_no_feedback","Valence","VS",1748357321559,"positive",870,"A","positive;negative","","",6.76849321164863,33
"34","undefined","kitten","calibrator_val_no_feedback","Valence","VS",1748357323025,"positive",697,"A","positive;negative","","",6.54678541076052,34
"35","undefined","joke","calibrator_val_no_feedback","Valence","VS",1748357324610,"positive",818,"A","positive;negative","","",6.70686233660275,35
"36","undefined","invader","calibrator_val_no_feedback","Valence","VS",1748357326304,"negative",929,"A","positive;negative","","",6.83410873881384,36
"37","undefined","free","calibrator_val_no_feedback","Valence","VS",1748357327676,"positive",611,"A","positive;negative","","",6.4150969591716,37
"38","undefined","insecure","calibrator_val_no_feedback","Valence","VS",1748357329208,"negative",770,"A","positive;negative","","",6.64639051484773,38
"39","undefined","hat","calibrator_val_no_feedback","Valence","VS",1748357330661,"positive",693,"A","positive;negative","","",6.5410299991899,39
"40","undefined","icebox","calibrator_val_no_feedback","Valence","VS",1748357332158,"positive",719,"A","positive;negative","","",6.57786135772105,40
"41","undefined","icebox","calibrator_val_feedback","Valence","SV",1748360480881,"positive",2490,"negative","positive","negative;positive","B",7.82003798945875,41
"42","undefined","industry","calibrator_val_feedback","Valence","SV",1748360485280,"positive",1639,"negative","positive","negative;positive","B",7.40184157874383,42
"43","undefined","free","calibrator_val_feedback","Valence","SV",1748360489328,"positive",1286,"negative","positive","negative;positive","B",7.15929190479756,43
"44","undefined","invader","calibrator_val_feedback","Valence","SV",1748360493121,"positive",1030,"negative","positive","negative;positive","B",6.93731408122368,44
"45","undefined","hat","calibrator_val_feedback","Valence","SV",1748360500258,"positive",3533,"negative","positive","negative;positive","B",8.16990264735914,45
"46","undefined","grin","calibrator_val_feedback","Valence","SV",1748360504775,"positive",1758,"negative","positive","negative;positive","B",7.47193207824512,46
"47","undefined","jail","calibrator_val_feedback","Valence","SV",1748360508993,"negative",1458,"negative","positive","negative;positive","B",7.2848209125686,47
"48","undefined","kitten","calibrator_val_feedback","Valence","SV",1748360513312,"positive",1563,"negative","positive","negative;positive","B",7.35436233042148,48
"49","undefined","joke","calibrator_val_feedback","Valence","SV",1748360517232,"positive",1154,"negative","positive","negative;positive","B",7.05098944706805,49
"50","undefined","insecure","calibrator_val_feedback","Valence","SV",1748360521394,"negative",1403,"negative","positive","negative;positive","B",7.24636808010246,50
"51","undefined","joke","calibrator_val_no_feedback","Valence","SV",1748360525216,"positive",1060,"B","negative;positive","","",6.96602418710611,51
"52","undefined","jail","calibrator_val_no_feedback","Valence","SV",1748360526945,"negative",971,"B","negative;positive","","",6.87832646829133,52
"53","undefined","insecure","calibrator_val_no_feedback","Valence","SV",1748360528737,"negative",1035,"B","negative;positive","","",6.94215670569947,53
"54","undefined","industry","calibrator_val_no_feedback","Valence","SV",1748360530400,"positive",906,"B","negative;positive","","",6.80903930604298,54
"55","undefined","grin","calibrator_val_no_feedback","Valence","SV",1748360532160,"positive",1003,"B","negative;positive","","",6.91075078796194,55
"56","undefined","invader","calibrator_val_no_feedback","Valence","SV",1748360533993,"negative",1079,"B","negative;positive","","",6.98378996525813,56
"57","undefined","icebox","calibrator_val_no_feedback","Valence","SV",1748360536055,"positive",1306,"B","negative;positive","","",7.17472430983638,57
"58","undefined","hat","calibrator_val_no_feedback","Valence","SV",1748360537760,"positive",947,"B","negative;positive","","",6.85329909318608,58
"59","undefined","free","calibrator_val_no_feedback","Valence","SV",1748360539427,"positive",910,"B","negative;positive","","",6.8134445995109,59
"60","undefined","kitten","calibrator_val_no_feedback","Valence","SV",1748360541155,"positive",972,"B","negative;positive","","",6.87935580446044,60
"61","undefined","kitten","calibrator_val_feedback","Valence","SV",1748361154542,"positive",992,"positive","negative","positive;negative","A",6.89972310728487,61
"62","undefined","hat","calibrator_val_feedback","Valence","SV",1748361157212,"positive",1304,"positive","negative","positive;negative","A",7.1731917424866,62
"63","undefined","joke","calibrator_val_feedback","Valence","SV",1748361160730,"positive",757,"positive","negative","positive;negative","A",6.62936325343745,63
"64","undefined","icebox","calibrator_val_feedback","Valence","SV",1748361164771,"positive",1274,"positive","negative","positive;negative","A",7.14991683613211,64
"65","undefined","invader","calibrator_val_feedback","Valence","SV",1748361168581,"negative",1046,"positive","negative","positive;negative","A",6.95272864462487,65
"66","undefined","grin","calibrator_val_feedback","Valence","SV",1748361172966,"positive",1622,"positive","negative","positive;negative","A",7.39141523467536,66
"67","undefined","free","calibrator_val_feedback","Valence","SV",1748361176891,"positive",1166,"positive","negative","positive;negative","A",7.06133436691044,67
"68","undefined","industry","calibrator_val_feedback","Valence","SV",1748361180979,"positive",1330,"positive","negative","positive;negative","A",7.1929342212158,68
"69","undefined","jail","calibrator_val_feedback","Valence","SV",1748361185932,"negative",2188,"positive","negative","positive;negative","A",7.69074316354187,69
"70","undefined","insecure","calibrator_val_feedback","Valence","SV",1748361189502,"negative",804,"positive","negative","positive;negative","A",6.68959926917897,70
"71","undefined","jail","calibrator_val_no_feedback","Valence","SV",1748361193666,"negative",1399,"A","positive;negative","","",7.24351297466548,71
"72","undefined","kitten","calibrator_val_no_feedback","Valence","SV",1748361195440,"positive",1020,"A","positive;negative","","",6.92755790627832,72
"73","undefined","grin","calibrator_val_no_feedback","Valence","SV",1748361197779,"positive",1579,"A","positive;negative","","",7.36454701425564,73
"74","undefined","icebox","calibrator_val_no_feedback","Valence","SV",1748361199242,"positive",702,"A","positive;negative","","",6.55393340402581,74
"75","undefined","joke","calibrator_val_no_feedback","Valence","SV",1748361200747,"positive",748,"A","positive;negative","","",6.61740297797448,75
"76","undefined","industry","calibrator_val_no_feedback","Valence","SV",1748361202593,"positive",1089,"A","positive;negative","","",6.99301512293296,76
"77","undefined","invader","calibrator_val_no_feedback","Valence","SV",1748361203966,"negative",615,"A","positive;negative","","",6.42162226780652,77
"78","undefined","insecure","calibrator_val_no_feedback","Valence","SV",1748361205606,"negative",878,"A","positive;negative","","",6.77764659363512,78
"79","undefined","hat","calibrator_val_no_feedback","Valence","SV",1748361207330,"positive",964,"A","positive;negative","","",6.87109129461055,79
"80","undefined","free","calibrator_val_no_feedback","Valence","SV",1748361208842,"positive",754,"A","positive;negative","","",6.62539236800796,80
"81","undefined","grin","calibrator_val_feedback","Valence","SV",1748358537966,"positive",1698,"negative","positive","negative;positive","B",7.43720636687129,81
"82","undefined","insecure","calibrator_val_feedback","Valence","SV",1748358542088,"negative",1362,"negative","positive","negative;positive","B",7.21670948670946,82
"83","undefined","hat","calibrator_val_feedback","Valence","SV",1748358546091,"positive",1249,"negative","positive","negative;positive","B",7.13009851012558,83
"84","undefined","icebox","calibrator_val_feedback","Valence","SV",1748358550272,"positive",1420,"negative","positive","negative;positive","B",7.25841215059531,84
"85","undefined","jail","calibrator_val_feedback","Valence","SV",1748358554000,"negative",966,"negative","positive","negative;positive","B",6.87316383421252,85
"86","undefined","free","calibrator_val_feedback","Valence","SV",1748358557767,"positive",1007,"negative","positive","negative;positive","B",6.91473089271856,86
"87","undefined","joke","calibrator_val_feedback","Valence","SV",1748358561491,"positive",966,"negative","positive","negative;positive","B",6.87316383421252,87
"88","undefined","industry","calibrator_val_feedback","Valence","SV",1748358566127,"positive",1878,"negative","positive","negative;positive","B",7.53796265976821,88
"89","undefined","kitten","calibrator_val_feedback","Valence","SV",1748358569853,"positive",968,"negative","positive","negative;positive","B",6.87523208727658,89
"90","undefined","invader","calibrator_val_feedback","Valence","SV",1748358573496,"negative",888,"negative","positive","negative;positive","B",6.78897174299217,90
"91","undefined","hat","calibrator_val_no_feedback","Valence","SV",1748358577067,"positive",812,"B","negative;positive","","",6.69950034016168,91
"92","undefined","free","calibrator_val_no_feedback","Valence","SV",1748358579148,"positive",1329,"B","negative;positive","","",7.19218205871325,92
"93","undefined","industry","calibrator_val_no_feedback","Valence","SV",1748358581884,"positive",1979,"B","negative;positive","","",7.59034694560257,93
"94","undefined","insecure","calibrator_val_no_feedback","Valence","SV",1748358583632,"negative",992,"B","negative;positive","","",6.89972310728487,94
"95","undefined","invader","calibrator_val_no_feedback","Valence","SV",1748358585301,"negative",910,"B","negative;positive","","",6.8134445995109,95
"96","undefined","grin","calibrator_val_no_feedback","Valence","SV",1748358586839,"positive",783,"B","negative;positive","","",6.6631326959908,96
"97","undefined","jail","calibrator_val_no_feedback","Valence","SV",1748358588313,"negative",719,"B","negative;positive","","",6.57786135772105,97
"98","undefined","joke","calibrator_val_no_feedback","Valence","SV",1748358589781,"positive",711,"B","negative;positive","","",6.56667242980324,98
"99","undefined","kitten","calibrator_val_no_feedback","Valence","SV",1748358591224,"positive",689,"B","negative;positive","","",6.53524127101366,99
"100","undefined","icebox","calibrator_val_no_feedback","Valence","SV",1748358592645,"positive",665,"B","negative;positive","","",6.49978704065585,100
"101","undefined","joke","calibrator_val_feedback","Valence","VS",1773246738091,"positive",875,"positive","negative","positive;negative","A",6.77422388635761,101
"102","undefined","jail","calibrator_val_feedback","Valence","VS",1773246741340,"negative",489,"positive","negative","positive;negative","A",6.19236248947487,102
"103","undefined","industry","calibrator_val_feedback","Valence","VS",1773246744796,"negative",703,"positive","negative","positive;negative","A",6.55535689181067,103
"104","undefined","icebox","calibrator_val_feedback","Valence","VS",1773246748405,"positive",850,"positive","negative","positive;negative","A",6.74523634948436,104
"105","undefined","invader","calibrator_val_feedback","Valence","VS",1773246751751,"negative",590,"positive","negative","positive;negative","A",6.38012253689976,105
"106","undefined","kitten","calibrator_val_feedback","Valence","VS",1773246755003,"positive",492,"positive","negative","positive;negative","A",6.19847871649231,106
"107","undefined","grin","calibrator_val_feedback","Valence","VS",1773246758600,"negative",841,"positive","negative","positive;negative","A",6.73459165997295,107
"108","undefined","hat","calibrator_val_feedback","Valence","VS",1773246762028,"positive",671,"positive","negative","positive;negative","A",6.50876913697168,108
"109","undefined","insecure","calibrator_val_feedback","Valence","VS",1773246765408,"negative",625,"positive","negative","positive;negative","A",6.4377516497364,109
"110","undefined","free","calibrator_val_feedback","Valence","VS",1773246768835,"positive",672,"positive","negative","positive;negative","A",6.51025834052315,110
"111","undefined","free","calibrator_val_no_feedback","Valence","VS",1773246771993,"positive",406,"A","positive;negative","","",6.00635315960173,111
"112","undefined","industry","calibrator_val_no_feedback","Valence","VS",1773246773526,"negative",778,"A","positive;negative","","",6.65672652417839,112
"113","undefined","jail","calibrator_val_no_feedback","Valence","VS",1773246774987,"positive",708,"A","positive;negative","","",6.56244409369372,113
"114","undefined","icebox","calibrator_val_no_feedback","Valence","VS",1773246776442,"positive",696,"A","positive;negative","","",6.54534966033442,114
"115","undefined","joke","calibrator_val_no_feedback","Valence","VS",1773246777721,"positive",525,"A","positive;negative","","",6.26339826259162,115
"116","undefined","invader","calibrator_val_no_feedback","Valence","VS",1773246778932,"negative",458,"A","positive;negative","","",6.12686918411419,116
"117","undefined","grin","calibrator_val_no_feedback","Valence","VS",1773246780279,"positive",596,"A","positive;negative","","",6.39024066706535,117
"118","undefined","insecure","calibrator_val_no_feedback","Valence","VS",1773246781536,"negative",501,"A","positive;negative","","",6.21660610108486,118
"119","undefined","kitten","calibrator_val_no_feedback","Valence","VS",1773246782725,"positive",435,"A","positive;negative","","",6.07534603108868,119
"120","undefined","hat","calibrator_val_no_feedback","Valence","VS",1773246784372,"positive",889,"A","positive;negative","","",6.7900972355139,120
"121","undefined","kitten","calibrator_val_feedback","Valence","VS",1748357335272,"positive",1113,"positive","negative","positive;negative","A",7.01481435127554,121
"122","undefined","free","calibrator_val_feedback","Valence","VS",1748357339575,"positive",1530,"positive","negative","positive;negative","A",7.33302301438648,122
"123","undefined","insecure","calibrator_val_feedback","Valence","VS",1748357343706,"negative",1364,"positive","negative","positive;negative","A",7.21817683840341,123
"124","undefined","joke","calibrator_val_feedback","Valence","VS",1748357348133,"positive",1652,"positive","negative","positive;negative","A",7.40974195408092,124
"125","undefined","icebox","calibrator_val_feedback","Valence","VS",1748357352297,"positive",1393,"positive","negative","positive;negative","A",7.23921497377981,125
"126","undefined","invader","calibrator_val_feedback","Valence","VS",1748357356334,"negative",1260,"positive","negative","positive;negative","A",7.13886699994552,126
"127","undefined","grin","calibrator_val_feedback","Valence","VS",1748357360524,"positive",1419,"positive","negative","positive;negative","A",7.25770767716004,127
"128","undefined","industry","calibrator_val_feedback","Valence","VS",1748357364260,"positive",963,"positive","negative","positive;negative","A",6.87005341179813,128
"129","undefined","jail","calibrator_val_feedback","Valence","VS",1748357367803,"negative",777,"positive","negative","positive;negative","A",6.65544035036765,129
"130","undefined","hat","calibrator_val_feedback","Valence","VS",1748357371271,"positive",701,"positive","negative","positive;negative","A",6.55250788703459,130
"131","undefined","industry","calibrator_val_no_feedback","Valence","VS",1748357374825,"positive",779,"A","positive;negative","","",6.65801104587075,131
"132","undefined","joke","calibrator_val_no_feedback","Valence","VS",1748357377739,"negative",2147,"A","positive;negative","","",7.67182679787878,132
"133","undefined","grin","calibrator_val_no_feedback","Valence","VS",1748357379553,"positive",1054,"A","positive;negative","","",6.96034772910131,133
"134","undefined","hat","calibrator_val_no_feedback","Valence","VS",1748357381240,"positive",926,"A","positive;negative","","",6.83087423464618,134
"135","undefined","kitten","calibrator_val_no_feedback","Valence","VS",1748357383282,"positive",1283,"A","positive;negative","","",7.15695636461564,135
"136","undefined","insecure","calibrator_val_no_feedback","Valence","VS",1748357384816,"negative",767,"A","positive;negative","","",6.64248680136726,136
"137","undefined","free","calibrator_val_no_feedback","Valence","VS",1748357386376,"positive",792,"A","positive;negative","","",6.67456139181443,137
"138","undefined","jail","calibrator_val_no_feedback","Valence","VS",1748357387902,"negative",761,"A","positive;negative","","",6.63463335786169,138
"139","undefined","icebox","calibrator_val_no_feedback","Valence","VS",1748357389333,"positive",665,"A","positive;negative","","",6.49978704065585,139
"140","undefined","invader","calibrator_val_no_feedback","Valence","VS",1748357390932,"negative",827,"A","positive;negative","","",6.71780469502369,140
"141","undefined","kitten","calibrator_val_feedback","Valence","VS",1773247820748,"positive",876,"positive","negative","positive;negative","A",6.77536609093639,141
"142","undefined","jail","calibrator_val_feedback","Valence","VS",1773247824680,"negative",1163,"positive","negative","positive;negative","A",7.05875815251866,142
"143","undefined","insecure","calibrator_val_feedback","Valence","VS",1773247828692,"negative",1244,"positive","negative","positive;negative","A",7.12608727329912,143
"144","undefined","invader","calibrator_val_feedback","Valence","VS",1773247832811,"negative",1354,"positive","negative","positive;negative","A",7.21081845347222,144
"145","undefined","icebox","calibrator_val_feedback","Valence","VS",1773247836948,"positive",1370,"positive","negative","positive;negative","A",7.22256601882217,145
"146","undefined","joke","calibrator_val_feedback","Valence","VS",1773247840990,"negative",1275,"positive","negative","positive;negative","A",7.15070145759253,146
"147","undefined","hat","calibrator_val_feedback","Valence","VS",1773247844567,"positive",815,"positive","negative","positive;negative","A",6.70318811324086,147
"148","undefined","free","calibrator_val_feedback","Valence","VS",1773247848507,"positive",1170,"positive","negative","positive;negative","A",7.0647590277918,148
"149","undefined","industry","calibrator_val_feedback","Valence","VS",1773247852215,"positive",940,"positive","negative","positive;negative","A",6.84587987526405,149
"150","undefined","grin","calibrator_val_feedback","Valence","VS",1773247856367,"positive",1020,"positive","negative","positive;negative","A",6.92755790627832,150
"151","undefined","insecure","calibrator_val_no_feedback","Valence","VS",1773247859607,"negative",838,"A","positive;negative","","",6.73101810048208,151
"152","undefined","icebox","calibrator_val_no_feedback","Valence","VS",1773247861583,"negative",1217,"A","positive;negative","","",7.10414409298753,152
"153","undefined","jail","calibrator_val_no_feedback","Valence","VS",1773247863199,"negative",852,"A","positive;negative","","",6.74758652682932,153
"154","undefined","joke","calibrator_val_no_feedback","Valence","VS",1773247864832,"positive",873,"A","positive;negative","","",6.7719355558396,154
"155","undefined","kitten","calibrator_val_no_feedback","Valence","VS",1773247866281,"positive",686,"A","positive;negative","","",6.53087762772588,155
"156","undefined","industry","calibrator_val_no_feedback","Valence","VS",1773247867855,"positive",811,"A","positive;negative","","",6.69826805411541,156
"157","undefined","grin","calibrator_val_no_feedback","Valence","VS",1773247869386,"positive",769,"A","positive;negative","","",6.64509096950564,157
"158","undefined","invader","calibrator_val_no_feedback","Valence","VS",1773247871157,"negative",1007,"A","positive;negative","","",6.91473089271856,158
"159","undefined","hat","calibrator_val_no_feedback","Valence","VS",1773247872732,"positive",810,"A","positive;negative","","",6.69703424766648,159
"160","undefined","free","calibrator_val_no_feedback","Valence","VS",1773247874059,"positive",568,"A","positive;negative","","",6.34212141872115,160
"161","undefined","kitten","calibrator_val_feedback","Valence","SV",1748361146931,"positive",1169,"negative","positive","negative;positive","B",7.06390396147207,161
"162","undefined","industry","calibrator_val_feedback","Valence","SV",1748361151923,"negative",2232,"negative","positive","negative;positive","B",7.7106533235012,162
"163","undefined","insecure","calibrator_val_feedback","Valence","SV",1748361155616,"negative",935,"negative","positive","negative;positive","B",6.84054652928869,163
"164","undefined","joke","calibrator_val_feedback","Valence","SV",1748361159266,"positive",893,"negative","positive","negative;positive","B",6.7945865808765,164
"165","undefined","icebox","calibrator_val_feedback","Valence","SV",1748361163796,"positive",1778,"negative","positive","negative;positive","B",7.48324441607385,165
"166","undefined","jail","calibrator_val_feedback","Valence","SV",1748361167462,"negative",910,"negative","positive","negative;positive","B",6.8134445995109,166
"167","undefined","free","calibrator_val_feedback","Valence","SV",1748361171110,"positive",888,"negative","positive","negative;positive","B",6.78897174299217,167
"168","undefined","hat","calibrator_val_feedback","Valence","SV",1748361175563,"positive",1692,"negative","positive","negative;positive","B",7.43366654016617,168
"169","undefined","grin","calibrator_val_feedback","Valence","SV",1748361179057,"positive",737,"negative","positive","negative;positive","B",6.60258789218934,169
"170","undefined","invader","calibrator_val_feedback","Valence","SV",1748361182622,"negative",806,"negative","positive","negative;positive","B",6.69208374250663,170
"171","undefined","joke","calibrator_val_no_feedback","Valence","SV",1748361186168,"positive",788,"B","negative;positive","","",6.66949808985788,171
"172","undefined","hat","calibrator_val_no_feedback","Valence","SV",1748361187712,"positive",787,"B","negative;positive","","",6.6682282484174,172
"173","undefined","free","calibrator_val_no_feedback","Valence","SV",1748361189132,"positive",664,"B","negative;positive","","",6.49828214947643,173
"174","undefined","industry","calibrator_val_no_feedback","Valence","SV",1748361190637,"negative",752,"B","negative;positive","","",6.62273632394984,174
"175","undefined","invader","calibrator_val_no_feedback","Valence","SV",1748361192062,"negative",670,"B","negative;positive","","",6.50727771238501,175
"176","undefined","jail","calibrator_val_no_feedback","Valence","SV",1748361193520,"negative",701,"B","negative;positive","","",6.55250788703459,176
"177","undefined","kitten","calibrator_val_no_feedback","Valence","SV",1748361194971,"positive",700,"B","negative;positive","","",6.5510803350434,177
"178","undefined","icebox","calibrator_val_no_feedback","Valence","SV",1748361196627,"positive",903,"B","negative;positive","","",6.80572255341699,178
"179","undefined","insecure","calibrator_val_no_feedback","Valence","SV",1748361198227,"negative",846,"B","negative;positive","","",6.74051935960622,179
"180","undefined","grin","calibrator_val_no_feedback","Valence","SV",1748361200176,"positive",1193,"B","negative;positive","","",7.08422642209792,180
"181","undefined","invader","calibrator_val_feedback","Valence","SV",1773253008787,"negative",1591,"positive","negative","positive;negative","A",7.37211802833779,181
"182","undefined","joke","calibrator_val_feedback","Valence","SV",1773253012941,"positive",1383,"positive","negative","positive;negative","A",7.23201033166476,182
"183","undefined","hat","calibrator_val_feedback","Valence","SV",1773253017694,"positive",1989,"positive","negative","positive;negative","A",7.59538727885397,183
"184","undefined","grin","calibrator_val_feedback","Valence","SV",1773253022112,"positive",1657,"positive","negative","positive;negative","A",7.41276401742656,184
"185","undefined","free","calibrator_val_feedback","Valence","SV",1773253025727,"positive",847,"positive","negative","positive;negative","A",6.74170069465205,185
"186","undefined","icebox","calibrator_val_feedback","Valence","SV",1773253032054,"positive",3556,"positive","negative","positive;negative","A",8.1763915966338,186
"187","undefined","kitten","calibrator_val_feedback","Valence","SV",1773253035996,"positive",1173,"positive","negative","positive;negative","A",7.06731984865348,187
"188","undefined","jail","calibrator_val_feedback","Valence","SV",1773253040142,"negative",1382,"positive","negative","positive;negative","A",7.23128700432762,188
"189","undefined","industry","calibrator_val_feedback","Valence","SV",1773253044563,"negative",1645,"positive","negative","positive;negative","A",7.40549566319947,189
"190","undefined","insecure","calibrator_val_feedback","Valence","SV",1773253049242,"negative",1908,"positive","negative","positive;negative","A",7.55381085200823,190
"191","undefined","kitten","calibrator_val_no_feedback","Valence","SV",1773253052637,"positive",620,"A","positive;negative","","",6.42971947803914,191
"192","undefined","invader","calibrator_val_no_feedback","Valence","SV",1773253054125,"negative",727,"A","positive;negative","","",6.58892647753352,192
"193","undefined","grin","calibrator_val_no_feedback","Valence","SV",1773253055675,"positive",788,"A","positive;negative","","",6.66949808985788,193
"194","undefined","hat","calibrator_val_no_feedback","Valence","SV",1773253057984,"positive",1551,"A","positive;negative","","",7.34665516317654,194
"195","undefined","industry","calibrator_val_no_feedback","Valence","SV",1773253060872,"positive",2126,"A","positive;negative","","",7.66199755890189,195
"196","undefined","free","calibrator_val_no_feedback","Valence","SV",1773253062558,"positive",931,"A","positive;negative","","",6.83625927727707,196
"197","undefined","joke","calibrator_val_no_feedback","Valence","SV",1773253064065,"positive",747,"A","positive;negative","","",6.61606518513282,197
"198","undefined","insecure","calibrator_val_no_feedback","Valence","SV",1773253065492,"negative",666,"A","positive;negative","","",6.50128967054039,198
"199","undefined","jail","calibrator_val_no_feedback","Valence","SV",1773253066972,"negative",714,"A","positive;negative","","",6.57088296233958,199
"200","undefined","icebox","calibrator_val_no_feedback","Valence","SV",1773253069012,"positive",1275,"A","positive;negative","","",7.15070145759253,200
"201","undefined","industry","calibrator_val_feedback","Valence","SV",1748359070856,"positive",2034,"negative","positive","negative;positive","B",7.61775957660851,201
"202","undefined","grin","calibrator_val_feedback","Valence","SV",1748359075353,"positive",1739,"negative","positive","negative;positive","B",7.46106551435428,202
"203","undefined","hat","calibrator_val_feedback","Valence","SV",1748359080528,"positive",2420,"negative","positive","negative;positive","B",7.79152281915073,203
"204","undefined","icebox","calibrator_val_feedback","Valence","SV",1748359085833,"positive",2549,"negative","positive","negative;positive","B",7.84345640437612,204
"205","undefined","joke","calibrator_val_feedback","Valence","SV",1748359090160,"positive",1571,"negative","positive","negative;positive","B",7.35946763825562,205
"206","undefined","insecure","calibrator_val_feedback","Valence","SV",1748359094112,"negative",1194,"negative","positive","negative;positive","B",7.08506429395255,206
"207","undefined","invader","calibrator_val_feedback","Valence","SV",1748359099457,"negative",2587,"negative","positive","negative;positive","B",7.85825418218603,207
"208","undefined","jail","calibrator_val_feedback","Valence","SV",1748359103353,"negative",1136,"negative","positive","negative;positive","B",7.0352685992811,208
"209","undefined","free","calibrator_val_feedback","Valence","SV",1748359107369,"positive",1257,"negative","positive","negative;positive","B",7.13648320859025,209
"210","undefined","kitten","calibrator_val_feedback","Valence","SV",1748359111785,"positive",1655,"negative","positive","negative;positive","B",7.41155628781116,210
"211","undefined","insecure","calibrator_val_no_feedback","Valence","SV",1748359115857,"negative",1314,"B","negative;positive","","",7.18083119904456,211
"212","undefined","grin","calibrator_val_no_feedback","Valence","SV",1748359117977,"positive",1362,"B","negative;positive","","",7.21670948670946,212
"213","undefined","jail","calibrator_val_no_feedback","Valence","SV",1748359120440,"negative",1707,"B","negative;positive","","",7.44249272279444,213
"214","undefined","icebox","calibrator_val_no_feedback","Valence","SV",1748359123409,"positive",2212,"B","negative;positive","","",7.70165236264223,214
"215","undefined","industry","calibrator_val_no_feedback","Valence","SV",1748359125313,"positive",1150,"B","negative;positive","","",7.0475172213573,215
"216","undefined","kitten","calibrator_val_no_feedback","Valence","SV",1748359126961,"positive",895,"B","negative;positive","","",6.79682371827486,216
"217","undefined","joke","calibrator_val_no_feedback","Valence","SV",1748359129096,"positive",1377,"B","negative;positive","","",7.22766249872865,217
"218","undefined","invader","calibrator_val_no_feedback","Valence","SV",1748359130889,"negative",1039,"B","negative;positive","","",6.94601399109923,218
"219","undefined","hat","calibrator_val_no_feedback","Valence","SV",1748359132584,"positive",940,"B","negative;positive","","",6.84587987526405,219
"220","undefined","free","calibrator_val_no_feedback","Valence","SV",1748359134153,"positive",816,"B","negative;positive","","",6.70441435496411,220
"221","undefined","kitten","calibrator_val_feedback","Valence","VS",1773246645836,"positive",1128,"positive","negative","positive;negative","A",7.028201432058,221
"222","undefined","industry","calibrator_val_feedback","Valence","VS",1773246649863,"positive",1267,"positive","negative","positive;negative","A",7.14440718032114,222
"223","undefined","icebox","calibrator_val_feedback","Valence","VS",1773246653490,"positive",869,"positive","negative","positive;negative","A",6.76734312526539,223
"224","undefined","grin","calibrator_val_feedback","Valence","VS",1773246657274,"positive",1027,"positive","negative","positive;negative","A",6.93439720992856,224
"225","undefined","free","calibrator_val_feedback","Valence","VS",1773246661426,"positive",1390,"positive","negative","positive;negative","A",7.23705902612474,225
"226","undefined","jail","calibrator_val_feedback","Valence","VS",1773246665593,"negative",1407,"positive","negative","positive;negative","A",7.24921505711439,226
"227","undefined","invader","calibrator_val_feedback","Valence","VS",1773246669210,"negative",857,"positive","negative","positive;negative","A",6.75343791859778,227
"228","undefined","joke","calibrator_val_feedback","Valence","VS",1773246672685,"positive",720,"positive","negative","positive;negative","A",6.5792512120101,228
"229","undefined","hat","calibrator_val_feedback","Valence","VS",1773246676326,"positive",888,"positive","negative","positive;negative","A",6.78897174299217,229
"230","undefined","insecure","calibrator_val_feedback","Valence","VS",1773246679870,"negative",786,"positive","negative","positive;negative","A",6.66695679242921,230
"231","undefined","industry","calibrator_val_no_feedback","Valence","VS",1773246683658,"positive",1028,"A","positive;negative","","",6.93537044601511,231
"232","undefined","insecure","calibrator_val_no_feedback","Valence","VS",1773246685446,"negative",1032,"A","positive;negative","","",6.93925394604151,232
"233","undefined","free","calibrator_val_no_feedback","Valence","VS",1773246686908,"positive",706,"A","positive;negative","","",6.55961523749324,233
"234","undefined","grin","calibrator_val_no_feedback","Valence","VS",1773246688325,"positive",663,"A","positive;negative","","",6.49677499018586,234
"235","undefined","jail","calibrator_val_no_feedback","Valence","VS",1773246689860,"negative",779,"A","positive;negative","","",6.65801104587075,235
"236","undefined","icebox","calibrator_val_no_feedback","Valence","VS",1773246691374,"positive",760,"A","positive;negative","","",6.63331843328038,236
"237","undefined","kitten","calibrator_val_no_feedback","Valence","VS",1773246692778,"positive",647,"A","positive;negative","","",6.4723462945009,237
"238","undefined","joke","calibrator_val_no_feedback","Valence","VS",1773246694538,"positive",1001,"A","positive;negative","","",6.90875477931522,238
"239","undefined","hat","calibrator_val_no_feedback","Valence","VS",1773246695964,"positive",673,"A","positive;negative","","",6.51174532964473,239
"240","undefined","invader","calibrator_val_no_feedback","Valence","VS",1773246697348,"negative",628,"A","positive;negative","","",6.4425401664682,240
"241","undefined","icebox","calibrator_val_feedback","Valence","VS",1748356821207,"positive",3801,"negative","positive","negative;positive","B",8.24301946898925,241
"242","undefined","insecure","calibrator_val_feedback","Valence","VS",1748356827370,"negative",1464,"negative","positive","negative;positive","B",7.28892769452126,242
"243","undefined","free","calibrator_val_feedback","Valence","VS",1748356831886,"positive",1768,"negative","positive","negative;positive","B",7.47760424319759,243
"244","undefined","industry","calibrator_val_feedback","Valence","VS",1748356835996,"positive",1574,"negative","positive","negative;positive","B",7.36137542897735,244
"245","undefined","joke","calibrator_val_feedback","Valence","VS",1748356967727,"negative",128935,"negative","positive","negative;positive","B",11.7670636803867,245
"246","undefined","grin","calibrator_val_feedback","Valence","VS",1748356971524,"positive",936,"negative","positive","negative;positive","B",6.84161547647759,246
"247","undefined","invader","calibrator_val_feedback","Valence","VS",1748356974140,"negative",60,"negative","positive","negative;positive","B",4.0943445622221,247
"248","undefined","hat","calibrator_val_feedback","Valence","VS",1748356978348,"positive",1275,"negative","positive","negative;positive","B",7.15070145759253,248
"249","undefined","jail","calibrator_val_feedback","Valence","VS",1748356981999,"negative",764,"negative","positive","negative;positive","B",6.63856778916652,249
"250","undefined","kitten","calibrator_val_feedback","Valence","VS",1748356984736,"positive",76,"negative","positive","negative;positive","B",4.33073334028633,250
"251","undefined","jail","calibrator_val_no_feedback","Valence","VS",1748356986279,"negative",625,"B","negative;positive","","",6.4377516497364,251
"252","undefined","kitten","calibrator_val_no_feedback","Valence","VS",1748356987674,"positive",639,"B","negative;positive","","",6.45990445437753,252
"253","undefined","insecure","calibrator_val_no_feedback","Valence","VS",1748356989005,"negative",570,"B","negative;positive","","",6.3456363608286,253
"254","undefined","joke","calibrator_val_no_feedback","Valence","VS",1748356990289,"positive",527,"B","negative;positive","","",6.26720054854136,254
"255","undefined","free","calibrator_val_no_feedback","Valence","VS",1748356991582,"positive",533,"B","negative;positive","","",6.27852142416584,255
"256","undefined","grin","calibrator_val_no_feedback","Valence","VS",1748356993011,"positive",673,"B","negative;positive","","",6.51174532964473,256
"257","undefined","hat","calibrator_val_no_feedback","Valence","VS",1748356994305,"positive",536,"B","negative;positive","","",6.2841341610708,257
"258","undefined","invader","calibrator_val_no_feedback","Valence","VS",1748356995695,"negative",632,"B","negative;positive","","",6.44888939414686,258
"259","undefined","icebox","calibrator_val_no_feedback","Valence","VS",1748356997378,"positive",926,"B","negative;positive","","",6.83087423464618,259
"260","undefined","industry","calibrator_val_no_feedback","Valence","VS",1748356999125,"positive",989,"B","negative;positive","","",6.89669433162271,260
"261","undefined","industry","calibrator_val_feedback","Valence","VS",1773247881772,"positive",1843,"positive","negative","positive;negative","A",7.51914995766982,261
"262","undefined","invader","calibrator_val_feedback","Valence","VS",1773247887140,"negative",2610,"positive","negative","positive;negative","A",7.86710550031674,262
"263","undefined","hat","calibrator_val_feedback","Valence","VS",1773247891587,"positive",1690,"positive","negative","positive;negative","A",7.43248380791712,263
"264","undefined","jail","calibrator_val_feedback","Valence","VS",1773247896052,"negative",1700,"positive","negative","positive;negative","A",7.43838353004431,264
"265","undefined","insecure","calibrator_val_feedback","Valence","VS",1773247900868,"negative",2055,"positive","negative","positive;negative","A",7.62803112693033,265
"266","undefined","joke","calibrator_val_feedback","Valence","VS",1773247904947,"positive",1316,"positive","negative","positive;negative","A",7.18235211188526,266
"267","undefined","grin","calibrator_val_feedback","Valence","VS",1773247908819,"positive",1109,"positive","negative","positive;negative","A",7.01121398735037,267
"268","undefined","kitten","calibrator_val_feedback","Valence","VS",1773247912228,"positive",647,"positive","negative","positive;negative","A",6.4723462945009,268
"269","undefined","free","calibrator_val_feedback","Valence","VS",1773247915723,"positive",736,"positive","negative","positive;negative","A",6.60123011872888,269
"270","undefined","icebox","calibrator_val_feedback","Valence","VS",1773247919899,"positive",1413,"positive","negative","positive;negative","A",7.25347038268453,270
"271","undefined","grin","calibrator_val_no_feedback","Valence","VS",1773247923380,"positive",722,"A","positive;negative","","",6.58202513889283,271
"272","undefined","icebox","calibrator_val_no_feedback","Valence","VS",1773247925491,"positive",1355,"A","positive;negative","","",7.2115567333138,272
"273","undefined","invader","calibrator_val_no_feedback","Valence","VS",1773247927243,"negative",996,"A","positive;negative","","",6.9037472575846,273
"274","undefined","jail","calibrator_val_no_feedback","Valence","VS",1773247930458,"negative",2457,"A","positive;negative","","",7.80669637252118,274
"275","undefined","kitten","calibrator_val_no_feedback","Valence","VS",1773247931850,"positive",636,"A","positive;negative","","",6.45519856334012,275
"276","undefined","industry","calibrator_val_no_feedback","Valence","VS",1773247934035,"positive",1433,"A","positive;negative","","",7.26752542782817,276
"277","undefined","joke","calibrator_val_no_feedback","Valence","VS",1773247935747,"positive",957,"A","positive;negative","","",6.86380339145295,277
"278","undefined","insecure","calibrator_val_no_feedback","Valence","VS",1773247937923,"negative",1421,"A","positive;negative","","",7.2591161280971,278
"279","undefined","hat","calibrator_val_no_feedback","Valence","VS",1773247939451,"positive",771,"A","positive;negative","","",6.64768837356333,279
"280","undefined","free","calibrator_val_no_feedback","Valence","VS",1773247941010,"positive",802,"A","positive;negative","","",6.68710860786651,280
"281","undefined","hat","calibrator_val_feedback","Valence","SV",1773254648612,"positive",1709,"positive","negative","positive;negative","A",7.44366368311559,281
"282","undefined","icebox","calibrator_val_feedback","Valence","SV",1773254652189,"positive",1133,"positive","negative","positive;negative","A",7.03262426102801,282
"283","undefined","joke","calibrator_val_feedback","Valence","SV",1773254655844,"positive",893,"positive","negative","positive;negative","A",6.7945865808765,283
"284","undefined","grin","calibrator_val_feedback","Valence","SV",1773254659483,"positive",876,"positive","negative","positive;negative","A",6.77536609093639,284
"285","undefined","industry","calibrator_val_feedback","Valence","SV",1773254663104,"negative",851,"positive","negative","positive;negative","A",6.74641212857337,285
"286","undefined","jail","calibrator_val_feedback","Valence","SV",1773254666715,"negative",845,"positive","negative","positive;negative","A",6.73933662735717,286
"287","undefined","insecure","calibrator_val_feedback","Valence","SV",1773254670587,"negative",1103,"positive","negative","positive;negative","A",7.0057890192535,287
"288","undefined","kitten","calibrator_val_feedback","Valence","SV",1773254674632,"positive",1279,"positive","negative","positive;negative","A",7.15383380157884,288
"289","undefined","free","calibrator_val_feedback","Valence","SV",1773254678422,"positive",1033,"positive","negative","positive;negative","A",6.94022246911964,289
"290","undefined","invader","calibrator_val_feedback","Valence","SV",1773254682062,"negative",874,"positive","negative","positive;negative","A",6.77308037565554,290
"291","undefined","industry","calibrator_val_no_feedback","Valence","SV",1773254685617,"negative",789,"A","positive;negative","","",6.67076632084587,291
"292","undefined","kitten","calibrator_val_no_feedback","Valence","SV",1773254686965,"positive",592,"A","positive;negative","","",6.38350663488401,292
"293","undefined","joke","calibrator_val_no_feedback","Valence","SV",1773254688398,"positive",673,"A","positive;negative","","",6.51174532964473,293
"294","undefined","hat","calibrator_val_no_feedback","Valence","SV",1773254689870,"positive",712,"A","positive;negative","","",6.56807791141198,294
"295","undefined","insecure","calibrator_val_no_feedback","Valence","SV",1773254691467,"negative",838,"A","positive;negative","","",6.73101810048208,295
"296","undefined","free","calibrator_val_no_feedback","Valence","SV",1773254693027,"positive",800,"A","positive;negative","","",6.68461172766793,296
"297","undefined","grin","calibrator_val_no_feedback","Valence","SV",1773254694442,"positive",658,"A","positive;negative","","",6.48920493132532,297
"298","undefined","jail","calibrator_val_no_feedback","Valence","SV",1773254695914,"negative",713,"A","positive;negative","","",6.5694814204143,298
"299","undefined","icebox","calibrator_val_no_feedback","Valence","SV",1773254697339,"positive",667,"A","positive;negative","","",6.50279004591562,299
"300","undefined","invader","calibrator_val_no_feedback","Valence","SV",1773254698793,"negative",695,"A","positive;negative","","",6.54391184556479,300
"301","undefined","icebox","calibrator_val_feedback","Valence","VS",1748357122097,"positive",1536,"negative","positive","negative;positive","B",7.33693691370762,301
"302","undefined","insecure","calibrator_val_feedback","Valence","VS",1748357125873,"negative",1013,"negative","positive","negative;positive","B",6.92067150424868,302
"303","undefined","industry","calibrator_val_feedback","Valence","VS",1748357130164,"positive",1529,"negative","positive","negative;positive","B",7.33236920592906,303
"304","undefined","joke","calibrator_val_feedback","Valence","VS",1748357133962,"positive",1037,"negative","positive","negative;positive","B",6.94408720822953,304
"305","undefined","jail","calibrator_val_feedback","Valence","VS",1748357137709,"negative",983,"negative","positive","negative;positive","B",6.89060912014717,305
"306","undefined","grin","calibrator_val_feedback","Valence","VS",1748357141362,"positive",885,"negative","positive","negative;positive","B",6.78558764500793,306
"307","undefined","invader","calibrator_val_feedback","Valence","VS",1748357144982,"negative",860,"negative","positive","negative;positive","B",6.75693238924755,307
"308","undefined","kitten","calibrator_val_feedback","Valence","VS",1748357148481,"positive",738,"negative","positive","negative;positive","B",6.60394382460047,308
"309","undefined","hat","calibrator_val_feedback","Valence","VS",1748357152164,"positive",918,"negative","positive","negative;positive","B",6.82219739062049,309
"310","undefined","free","calibrator_val_feedback","Valence","VS",1748357156020,"positive",1100,"negative","positive","negative;positive","B",7.00306545878646,310
"311","undefined","icebox","calibrator_val_no_feedback","Valence","VS",1748357159680,"positive",896,"B","negative;positive","","",6.79794041297493,311
"312","undefined","industry","calibrator_val_no_feedback","Valence","VS",1748357161108,"positive",667,"B","negative;positive","","",6.50279004591562,312
"313","undefined","grin","calibrator_val_no_feedback","Valence","VS",1748357162377,"positive",510,"B","negative;positive","","",6.23441072571837,313
"314","undefined","insecure","calibrator_val_no_feedback","Valence","VS",1748357164039,"negative",904,"B","negative;positive","","",6.80682936039218,314
"315","undefined","hat","calibrator_val_no_feedback","Valence","VS",1748357165376,"positive",580,"B","negative;positive","","",6.36302810354046,315
"316","undefined","free","calibrator_val_no_feedback","Valence","VS",1748357166637,"positive",499,"B","negative;positive","","",6.21260609575152,316
"317","undefined","jail","calibrator_val_no_feedback","Valence","VS",1748357167890,"negative",490,"B","negative;positive","","",6.19440539110467,317
"318","undefined","kitten","calibrator_val_no_feedback","Valence","VS",1748357169193,"positive",544,"B","negative;positive","","",6.29894924685594,318
"319","undefined","invader","calibrator_val_no_feedback","Valence","VS",1748357170523,"negative",571,"B","negative;positive","","",6.34738920965601,319
"320","undefined","joke","calibrator_val_no_feedback","Valence","VS",1748357171762,"positive",481,"B","negative;positive","","",6.17586727010576,320
"321","undefined","joke","calibrator_val_feedback","Valence","SV",1773249409401,"positive",1477,"negative","positive","negative;positive","B",7.29776828253138,321
"322","undefined","kitten","calibrator_val_feedback","Valence","SV",1773249413091,"positive",927,"negative","positive","negative;positive","B",6.83195356556585,322
"323","undefined","industry","calibrator_val_feedback","Valence","SV",1773249416601,"negative",751,"negative","positive","negative;positive","B",6.62140565176413,323
"324","undefined","jail","calibrator_val_feedback","Valence","SV",1773249420263,"negative",902,"negative","positive","negative;positive","B",6.80461452006262,324
"325","undefined","free","calibrator_val_feedback","Valence","SV",1773249423922,"positive",895,"negative","positive","negative;positive","B",6.79682371827486,325
"326","undefined","invader","calibrator_val_feedback","Valence","SV",1773249427734,"negative",1047,"negative","positive","negative;positive","B",6.95368421087054,326
"327","undefined","hat","calibrator_val_feedback","Valence","SV",1773249431409,"positive",913,"negative","positive","negative;positive","B",6.81673588059497,327
"328","undefined","insecure","calibrator_val_feedback","Valence","SV",1773249434903,"negative",734,"negative","positive","negative;positive","B",6.59850902861452,328
"329","undefined","icebox","calibrator_val_feedback","Valence","SV",1773249438475,"positive",811,"negative","positive","negative;positive","B",6.69826805411541,329
"330","undefined","grin","calibrator_val_feedback","Valence","SV",1773249442194,"positive",957,"negative","positive","negative;positive","B",6.86380339145295,330
"331","undefined","kitten","calibrator_val_no_feedback","Valence","SV",1773249445569,"negative",610,"B","negative;positive","","",6.41345895716736,331
"332","undefined","grin","calibrator_val_no_feedback","Valence","SV",1773249446919,"positive",588,"B","negative;positive","","",6.37672694789863,332
"333","undefined","industry","calibrator_val_no_feedback","Valence","SV",1773249448539,"negative",863,"B","negative;positive","","",6.76041469108343,333
"334","undefined","free","calibrator_val_no_feedback","Valence","SV",1773249450309,"positive",1010,"B","negative;positive","","",6.9177056098353,334
"335","undefined","icebox","calibrator_val_no_feedback","Valence","SV",1773249451734,"positive",668,"B","negative;positive","","",6.50428817353665,335
"336","undefined","joke","calibrator_val_no_feedback","Valence","SV",1773249453009,"positive",518,"B","negative;positive","","",6.24997524225948,336
"337","undefined","hat","calibrator_val_no_feedback","Valence","SV",1773249454418,"positive",649,"B","negative;positive","","",6.47543271670409,337
"338","undefined","insecure","calibrator_val_no_feedback","Valence","SV",1773249455934,"negative",760,"B","negative;positive","","",6.63331843328038,338
"339","undefined","jail","calibrator_val_no_feedback","Valence","SV",1773249457433,"negative",739,"B","negative;positive","","",6.6052979209482,339
"340","undefined","invader","calibrator_val_no_feedback","Valence","SV",1773249458799,"negative",607,"B","negative;positive","","",6.4085287910595,340
"341","undefined","joke","calibrator_val_feedback","Valence","VS",1773244937522,"positive",1702,"negative","positive","negative;positive","B",7.43955930913332,341
"342","undefined","insecure","calibrator_val_feedback","Valence","VS",1773244941321,"negative",1040,"negative","positive","negative;positive","B",6.94697599213542,342
"343","undefined","icebox","calibrator_val_feedback","Valence","VS",1773244945244,"positive",1166,"negative","positive","negative;positive","B",7.06133436691044,343
"344","undefined","kitten","calibrator_val_feedback","Valence","VS",1773244948842,"positive",841,"negative","positive","negative;positive","B",6.73459165997295,344
"345","undefined","grin","calibrator_val_feedback","Valence","VS",1773244952369,"positive",771,"negative","positive","negative;positive","B",6.64768837356333,345
"346","undefined","invader","calibrator_val_feedback","Valence","VS",1773244955821,"negative",695,"negative","positive","negative;positive","B",6.54391184556479,346
"347","undefined","free","calibrator_val_feedback","Valence","VS",1773244959688,"positive",1110,"negative","positive","negative;positive","B",7.01211529430638,347
"348","undefined","industry","calibrator_val_feedback","Valence","VS",1773244963783,"positive",1336,"negative","positive","negative;positive","B",7.19743535409659,348
"349","undefined","hat","calibrator_val_feedback","Valence","VS",1773244969619,"positive",3077,"negative","positive","negative;positive","B",8.03171037532204,349
"350","undefined","jail","calibrator_val_feedback","Valence","VS",1773244973186,"negative",809,"negative","positive","negative;positive","B",6.69579891705849,350
"351","undefined","grin","calibrator_val_no_feedback","Valence","VS",1773244976534,"positive",589,"B","negative;positive","","",6.37842618365159,351
"352","undefined","icebox","calibrator_val_no_feedback","Valence","VS",1773244980016,"positive",2728,"B","negative;positive","","",7.91132401896335,352
"353","undefined","insecure","calibrator_val_no_feedback","Valence","VS",1773244981494,"negative",717,"B","negative;positive","","",6.57507584059962,353
"354","undefined","industry","calibrator_val_no_feedback","Valence","VS",1773244983213,"positive",962,"B","negative;positive","","",6.86901445066571,354
"355","undefined","jail","calibrator_val_no_feedback","Valence","VS",1773244984591,"negative",620,"B","negative;positive","","",6.42971947803914,355
"356","undefined","kitten","calibrator_val_no_feedback","Valence","VS",1773244986035,"positive",692,"B","negative;positive","","",6.53958595561767,356
"357","undefined","hat","calibrator_val_no_feedback","Valence","VS",1773244987457,"negative",666,"B","negative;positive","","",6.50128967054039,357
"358","undefined","joke","calibrator_val_no_feedback","Valence","VS",1773244988990,"negative",778,"B","negative;positive","","",6.65672652417839,358
"359","undefined","invader","calibrator_val_no_feedback","Valence","VS",1773244990399,"negative",653,"B","negative;positive","","",6.48157712927643,359
"360","undefined","free","calibrator_val_no_feedback","Valence","VS",1773244991712,"positive",552,"B","negative;positive","","",6.31354804627709,360
"361","undefined","invader","calibrator_val_feedback","Valence","VS",1773246071574,"negative",1890,"negative","positive","negative;positive","B",7.54433210805369,361
"362","undefined","hat","calibrator_val_feedback","Valence","VS",1773246075971,"positive",1633,"negative","positive","negative;positive","B",7.39817409297047,362
"363","undefined","free","calibrator_val_feedback","Valence","VS",1773246079965,"positive",1231,"negative","positive","negative;positive","B",7.11558212618445,363
"364","undefined","joke","calibrator_val_feedback","Valence","VS",1773246083628,"positive",899,"negative","positive","negative;positive","B",6.80128303447162,364
"365","undefined","jail","calibrator_val_feedback","Valence","VS",1773246087223,"negative",829,"negative","positive","negative;positive","B",6.7202201551353,365
"366","undefined","industry","calibrator_val_feedback","Valence","VS",1773246091656,"positive",1669,"negative","positive","negative;positive","B",7.41997992366183,366
"367","undefined","grin","calibrator_val_feedback","Valence","VS",1773246095129,"positive",709,"negative","positive","negative;positive","B",6.56385552653213,367
"368","undefined","insecure","calibrator_val_feedback","Valence","VS",1773246098919,"negative",1030,"negative","positive","negative;positive","B",6.93731408122368,368
"369","undefined","icebox","calibrator_val_feedback","Valence","VS",1773246103326,"positive",1642,"negative","positive","negative;positive","B",7.40367029001237,369
"370","undefined","kitten","calibrator_val_feedback","Valence","VS",1773246106909,"positive",816,"negative","positive","negative;positive","B",6.70441435496411,370
"371","undefined","invader","calibrator_val_no_feedback","Valence","VS",1773246110807,"negative",1138,"B","negative;positive","","",7.03702761468628,371
"372","undefined","icebox","calibrator_val_no_feedback","Valence","VS",1773246112406,"positive",835,"B","negative;positive","","",6.72743172485086,372
"373","undefined","jail","calibrator_val_no_feedback","Valence","VS",1773246113901,"negative",734,"B","negative;positive","","",6.59850902861452,373
"374","undefined","free","calibrator_val_no_feedback","Valence","VS",1773246115519,"positive",853,"B","negative;positive","","",6.74875954749168,374
"375","undefined","kitten","calibrator_val_no_feedback","Valence","VS",1773246116969,"positive",692,"B","negative;positive","","",6.53958595561767,375
"376","undefined","insecure","calibrator_val_no_feedback","Valence","VS",1773246118583,"negative",854,"B","negative;positive","","",6.74993119378857,376
"377","undefined","industry","calibrator_val_no_feedback","Valence","VS",1773246120122,"positive",783,"B","negative;positive","","",6.6631326959908,377
"378","undefined","hat","calibrator_val_no_feedback","Valence","VS",1773246121712,"positive",831,"B","negative;positive","","",6.72262979485545,378
"379","undefined","grin","calibrator_val_no_feedback","Valence","VS",1773246123137,"positive",665,"B","negative;positive","","",6.49978704065585,379
"380","undefined","joke","calibrator_val_no_feedback","Valence","VS",1773246124725,"positive",830,"B","negative;positive","","",6.72142570079064,380
"381","undefined","insecure","calibrator_val_feedback","Valence","VS",1773244674765,"negative",1630,"negative","positive","negative;positive","B",7.39633529380081,381
"382","undefined","free","calibrator_val_feedback","Valence","VS",1773244678291,"positive",1574,"negative","positive","negative;positive","B",7.36137542897735,382
"383","undefined","icebox","calibrator_val_feedback","Valence","VS",1773244682894,"positive",1848,"negative","positive","negative;positive","B",7.52185925220163,383
"384","undefined","hat","calibrator_val_feedback","Valence","VS",1773244687304,"positive",1650,"negative","positive","negative;positive","B",7.40853056689463,384
"385","undefined","jail","calibrator_val_feedback","Valence","VS",1773244691414,"negative",1352,"negative","positive","negative;positive","B",7.20934025660291,385
"386","undefined","industry","calibrator_val_feedback","Valence","VS",1773244695492,"positive",1318,"negative","positive","negative;positive","B",7.18387071506245,386
"387","undefined","invader","calibrator_val_feedback","Valence","VS",1773244699530,"negative",1279,"negative","positive","negative;positive","B",7.15383380157884,387
"388","undefined","kitten","calibrator_val_feedback","Valence","VS",1773244703154,"positive",863,"negative","positive","negative;positive","B",6.76041469108343,388
"389","undefined","joke","calibrator_val_feedback","Valence","VS",1773244707079,"positive",1167,"negative","positive","negative;positive","B",7.06219163228656,389
"390","undefined","grin","calibrator_val_feedback","Valence","VS",1773244710728,"positive",890,"negative","positive","negative;positive","B",6.79122146272619,390
"391","undefined","industry","calibrator_val_no_feedback","Valence","VS",1773244714838,"positive",1351,"B","negative;positive","","",7.2086003379602,391
"392","undefined","joke","calibrator_val_no_feedback","Valence","VS",1773244716313,"positive",717,"B","negative;positive","","",6.57507584059962,392
"393","undefined","free","calibrator_val_no_feedback","Valence","VS",1773244717972,"positive",906,"B","negative;positive","","",6.80903930604298,393
"394","undefined","kitten","calibrator_val_no_feedback","Valence","VS",1773244719504,"positive",778,"B","negative;positive","","",6.65672652417839,394
"395","undefined","jail","calibrator_val_no_feedback","Valence","VS",1773244721179,"negative",917,"B","negative;positive","","",6.82110747225646,395
"396","undefined","icebox","calibrator_val_no_feedback","Valence","VS",1773244722621,"positive",690,"B","negative;positive","","",6.5366915975913,396
"397","undefined","grin","calibrator_val_no_feedback","Valence","VS",1773244724046,"positive",666,"B","negative;positive","","",6.50128967054039,397
"398","undefined","invader","calibrator_val_no_feedback","Valence","VS",1773244725392,"negative",590,"B","negative;positive","","",6.38012253689976,398
"399","undefined","insecure","calibrator_val_no_feedback","Valence","VS",1773244726918,"negative",767,"B","negative;positive","","",6.64248680136726,399
"400","undefined","hat","calibrator_val_no_feedback","Valence","VS",1773244728647,"positive",972,"B","negative;positive","","",6.87935580446044,400
"401","undefined","hat","calibrator_val_feedback","Valence","SV",1773250278436,"positive",6107,"negative","positive","negative;positive","B",8.71719093322313,401
"402","undefined","free","calibrator_val_feedback","Valence","SV",1773250284579,"positive",3213,"negative","positive","negative;positive","B",8.07496035911586,402
"403","undefined","joke","calibrator_val_feedback","Valence","SV",1773250295134,"positive",9558,"negative","positive","negative;positive","B",9.1651337791381,403
"404","undefined","grin","calibrator_val_feedback","Valence","SV",1773250301487,"negative",2023,"negative","positive","negative;positive","B",7.61233683716775,404
"405","undefined","invader","calibrator_val_feedback","Valence","SV",1773250304217,"negative",1510,"negative","positive","negative;positive","B",7.31986492980897,405
"406","undefined","jail","calibrator_val_feedback","Valence","SV",1773250307853,"negative",860,"negative","positive","negative;positive","B",6.75693238924755,406
"407","undefined","industry","calibrator_val_feedback","Valence","SV",1773250312079,"positive",1440,"negative","positive","negative;positive","B",7.27239839257005,407
"408","undefined","kitten","calibrator_val_feedback","Valence","SV",1773250316204,"positive",1338,"negative","positive","negative;positive","B",7.19893124068817,408
"409","undefined","insecure","calibrator_val_feedback","Valence","SV",1773250320519,"negative",1540,"negative","positive","negative;positive","B",7.33953769540767,409
"410","undefined","icebox","calibrator_val_feedback","Valence","SV",1773250324194,"positive",896,"negative","positive","negative;positive","B",6.79794041297493,410
"411","undefined","jail","calibrator_val_no_feedback","Valence","SV",1773250328092,"negative",1119,"B","negative;positive","","",7.02019070831193,411
"412","undefined","icebox","calibrator_val_no_feedback","Valence","SV",1773250330910,"positive",2044,"B","negative;positive","","",7.6226639513236,412
"413","undefined","joke","calibrator_val_no_feedback","Valence","SV",1773250332896,"positive",1219,"B","negative;positive","","",7.10578612948127,413
"414","undefined","free","calibrator_val_no_feedback","Valence","SV",1773250334330,"positive",665,"B","negative;positive","","",6.49978704065585,414
"415","undefined","kitten","calibrator_val_no_feedback","Valence","SV",1773250336132,"positive",1029,"B","negative;positive","","",6.93634273583405,415
"416","undefined","insecure","calibrator_val_no_feedback","Valence","SV",1773250338041,"negative",1125,"B","negative;positive","","",7.02553831463852,416
"417","undefined","grin","calibrator_val_no_feedback","Valence","SV",1773250340451,"negative",1637,"B","negative;positive","","",7.40062057737113,417
"418","undefined","invader","calibrator_val_no_feedback","Valence","SV",1773250342555,"negative",1334,"B","negative;positive","","",7.19593722647557,418
"419","undefined","hat","calibrator_val_no_feedback","Valence","SV",1773250344082,"positive",760,"B","negative;positive","","",6.63331843328038,419
"420","undefined","industry","calibrator_val_no_feedback","Valence","SV",1773250346023,"positive",1164,"B","negative;positive","","",7.05961762829138,420
"421","undefined","insecure","calibrator_val_feedback","Valence","VS",1748356849092,"negative",3937,"negative","positive","negative;positive","B",8.27817429094374,421
"422","undefined","grin","calibrator_val_feedback","Valence","VS",1748356853404,"positive",1448,"negative","positive","negative;positive","B",7.27793857294566,422
"423","undefined","hat","calibrator_val_feedback","Valence","VS",1748356856412,"positive",2045,"negative","positive","negative;positive","B",7.6231530684769,423
"424","undefined","jail","calibrator_val_feedback","Valence","VS",1748356862264,"negative",1212,"negative","positive","negative;positive","B",7.10002716662926,424
"425","undefined","free","calibrator_val_feedback","Valence","VS",1748356864989,"positive",1844,"negative","positive","negative;positive","B",7.51969240411654,425
"426","undefined","invader","calibrator_val_feedback","Valence","VS",1748356869761,"negative",2008,"negative","positive","negative;positive","B",7.60489448081162,426
"427","undefined","industry","calibrator_val_feedback","Valence","VS",1748356874206,"negative",1684,"negative","positive","negative;positive","B",7.42892719480227,427
"428","undefined","joke","calibrator_val_feedback","Valence","VS",1748356878808,"positive",1840,"negative","positive","negative;positive","B",7.51752085060303,428
"429","undefined","icebox","calibrator_val_feedback","Valence","VS",1748356885318,"positive",3748,"negative","positive","negative;positive","B",8.22897764335831,429
"430","undefined","kitten","calibrator_val_feedback","Valence","VS",1748356889301,"positive",1224,"negative","positive","negative;positive","B",7.10987946307227,430
"431","undefined","industry","calibrator_val_no_feedback","Valence","VS",1748356893150,"negative",1086,"B","negative;positive","","",6.99025650049388,431
"432","undefined","invader","calibrator_val_no_feedback","Valence","VS",1748356895311,"negative",1403,"B","negative;positive","","",7.24636808010246,432
"433","undefined","icebox","calibrator_val_no_feedback","Valence","VS",1748356897814,"positive",1743,"B","negative;positive","","",7.46336304552002,433
"434","undefined","hat","calibrator_val_no_feedback","Valence","VS",1748356899642,"positive",1069,"B","negative;positive","","",6.97447891102505,434
"435","undefined","insecure","calibrator_val_no_feedback","Valence","VS",1748356901601,"negative",1200,"B","negative;positive","","",7.09007683577609,435
"436","undefined","jail","calibrator_val_no_feedback","Valence","VS",1748356903561,"negative",1203,"B","negative;positive","","",7.09257371597468,436
"437","undefined","free","calibrator_val_no_feedback","Valence","VS",1748356905697,"positive",1382,"B","negative;positive","","",7.23128700432762,437
"438","undefined","kitten","calibrator_val_no_feedback","Valence","VS",1748356907121,"positive",661,"B","negative;positive","","",6.49375383985169,438
"439","undefined","grin","calibrator_val_no_feedback","Valence","VS",1748356908738,"positive",862,"B","negative;positive","","",6.75925527066369,439
"440","undefined","joke","calibrator_val_no_feedback","Valence","VS",1748356910532,"positive",1040,"B","negative;positive","","",6.94697599213542,440
"441","undefined","jail","calibrator_val_feedback","Valence","VS",1748356883958,"positive",1023,"negative","positive","negative;positive","B",6.93049476595163,441
"442","undefined","hat","calibrator_val_feedback","Valence","VS",1748356888284,"positive",1552,"negative","positive","negative;positive","B",7.34729970074316,442
"443","undefined","industry","calibrator_val_feedback","Valence","VS",1748356892947,"positive",1894,"negative","positive","negative;positive","B",7.54644627374602,443
"444","undefined","invader","calibrator_val_feedback","Valence","VS",1748356896843,"negative",1126,"negative","positive","negative;positive","B",7.02642680869964,444
"445","undefined","insecure","calibrator_val_feedback","Valence","VS",1748356900653,"negative",1043,"negative","positive","negative;positive","B",6.94985645500077,445
"446","undefined","icebox","calibrator_val_feedback","Valence","VS",1748356904657,"positive",1233,"negative","positive","negative;positive","B",7.11720550316434,446
"447","undefined","grin","calibrator_val_feedback","Valence","VS",1748356910197,"negative",1092,"negative","positive","negative;positive","B",6.99576615630485,447
"448","undefined","joke","calibrator_val_feedback","Valence","VS",1748356912290,"positive",1004,"negative","positive","negative;positive","B",6.91174730025167,448
"449","undefined","free","calibrator_val_feedback","Valence","VS",1748356916070,"positive",1012,"negative","positive","negative;positive","B",6.91968384984741,449
"450","undefined","kitten","calibrator_val_feedback","Valence","VS",1748356919640,"positive",802,"negative","positive","negative;positive","B",6.68710860786651,450
"451","undefined","icebox","calibrator_val_no_feedback","Valence","VS",1748356923088,"positive",679,"B","negative;positive","","",6.5206211275587,451
"452","undefined","invader","calibrator_val_no_feedback","Valence","VS",1748356924685,"negative",835,"B","negative;positive","","",6.72743172485086,452
"453","undefined","jail","calibrator_val_no_feedback","Valence","VS",1748356926193,"negative",740,"B","negative;positive","","",6.60665018619822,453
"454","undefined","insecure","calibrator_val_no_feedback","Valence","VS",1748356927667,"negative",711,"B","negative;positive","","",6.56667242980324,454
"455","undefined","free","calibrator_val_no_feedback","Valence","VS",1748356929024,"positive",601,"B","negative;positive","","",6.39859493453521,455
"456","undefined","industry","calibrator_val_no_feedback","Valence","VS",1748356930621,"positive",835,"B","negative;positive","","",6.72743172485086,456
"457","undefined","grin","calibrator_val_no_feedback","Valence","VS",1748356932215,"positive",829,"B","negative;positive","","",6.7202201551353,457
"458","undefined","hat","calibrator_val_no_feedback","Valence","VS",1748356933864,"negative",885,"B","negative;positive","","",6.78558764500793,458
"459","undefined","kitten","calibrator_val_no_feedback","Valence","VS",1748356935251,"positive",624,"B","negative;positive","","",6.43615036836943,459
"460","undefined","joke","calibrator_val_no_feedback","Valence","VS",1748356936757,"positive",742,"B","negative;positive","","",6.60934924316738,460
"461","undefined","industry","calibrator_val_feedback","Valence","VS",1773244606205,"positive",1510,"negative","positive","negative;positive","B",7.31986492980897,461
"462","undefined","joke","calibrator_val_feedback","Valence","VS",1773244608491,"positive",1065,"negative","positive","negative;positive","B",6.97073007814353,462
"463","undefined","hat","calibrator_val_feedback","Valence","VS",1773244612707,"positive",1454,"negative","positive","negative;positive","B",7.28207365809346,463
"464","undefined","free","calibrator_val_feedback","Valence","VS",1773244616722,"positive",1257,"negative","positive","negative;positive","B",7.13648320859025,464
"465","undefined","kitten","calibrator_val_feedback","Valence","VS",1773244621620,"positive",2142,"negative","positive","negative;positive","B",7.66949525100769,465
"466","undefined","insecure","calibrator_val_feedback","Valence","VS",1773244625953,"negative",1572,"negative","positive","negative;positive","B",7.36010397298915,466
"467","undefined","invader","calibrator_val_feedback","Valence","VS",1773244629708,"negative",1002,"negative","positive","negative;positive","B",6.90975328164481,467
"468","undefined","jail","calibrator_val_feedback","Valence","VS",1773244633698,"negative",1232,"negative","positive","negative;positive","B",7.11639414409346,468
"469","undefined","grin","calibrator_val_feedback","Valence","VS",1773244637318,"negative",862,"negative","positive","negative;positive","B",6.75925527066369,469
"470","undefined","icebox","calibrator_val_feedback","Valence","VS",1773244641247,"positive",1172,"negative","positive","negative;positive","B",7.06646697013696,470
"471","undefined","industry","calibrator_val_no_feedback","Valence","VS",1773244644964,"positive",957,"B","negative;positive","","",6.86380339145295,471
"472","undefined","jail","calibrator_val_no_feedback","Valence","VS",1773244646481,"negative",759,"B","negative;positive","","",6.63200177739563,472
"473","undefined","joke","calibrator_val_no_feedback","Valence","VS",1773244648653,"positive",1420,"B","negative;positive","","",7.25841215059531,473
"474","undefined","free","calibrator_val_no_feedback","Valence","VS",1773244650422,"positive",1014,"B","negative;positive","","",6.92165818415113,474
"475","undefined","invader","calibrator_val_no_feedback","Valence","VS",1773244652061,"negative",884,"B","negative;positive","","",6.78445706263764,475
"476","undefined","kitten","calibrator_val_no_feedback","Valence","VS",1773244653829,"positive",1012,"B","negative;positive","","",6.91968384984741,476
"477","undefined","grin","calibrator_val_no_feedback","Valence","VS",1773244655158,"negative",575,"B","negative;positive","","",6.35437004079735,477
"478","undefined","hat","calibrator_val_no_feedback","Valence","VS",1773244656622,"positive",711,"B","negative;positive","","",6.56667242980324,478
"479","undefined","icebox","calibrator_val_no_feedback","Valence","VS",1773244657997,"positive",620,"B","negative;positive","","",6.42971947803914,479
"480","undefined","insecure","calibrator_val_no_feedback","Valence","VS",1773244659405,"negative",652,"B","negative;positive","","",6.48004456192665,480
"481","undefined","kitten","calibrator_val_feedback","Valence","VS",1748357906994,"positive",757,"positive","negative","positive;negative","A",6.62936325343745,481
"482","undefined","jail","calibrator_val_feedback","Valence","VS",1748357909711,"negative",1320,"positive","negative","positive;negative","A",7.18538701558042,482
"483","undefined","icebox","calibrator_val_feedback","Valence","VS",1748357913654,"positive",1185,"positive","negative","positive;negative","A",7.07749805356923,483
"484","undefined","hat","calibrator_val_feedback","Valence","VS",1748357917809,"positive",1395,"positive","negative","positive;negative","A",7.24064969425547,484
"485","undefined","joke","calibrator_val_feedback","Valence","VS",1748357922593,"negative",2025,"positive","negative","positive;negative","A",7.61332497954064,485
"486","undefined","free","calibrator_val_feedback","Valence","VS",1748357926441,"positive",1089,"positive","negative","positive;negative","A",6.99301512293296,486
"487","undefined","grin","calibrator_val_feedback","Valence","VS",1748357930459,"positive",1259,"positive","negative","positive;negative","A",7.13807303404435,487
"488","undefined","insecure","calibrator_val_feedback","Valence","VS",1748357935162,"negative",1941,"positive","negative","positive;negative","A",7.57095858316901,488
"489","undefined","industry","calibrator_val_feedback","Valence","VS",1748357939446,"positive",1525,"positive","negative","positive;negative","A",7.32974968904151,489
"490","undefined","invader","calibrator_val_feedback","Valence","VS",1748357944447,"negative",2241,"positive","negative","positive;negative","A",7.71467747380093,490
"491","undefined","joke","calibrator_val_no_feedback","Valence","VS",1748357948355,"negative",1148,"A","positive;negative","","",7.04577657687951,491
"492","undefined","invader","calibrator_val_no_feedback","Valence","VS",1748357950660,"negative",1550,"A","positive;negative","","",7.34601020991329,492
"493","undefined","grin","calibrator_val_no_feedback","Valence","VS",1748357952551,"positive",1138,"A","positive;negative","","",7.03702761468628,493
"494","undefined","hat","calibrator_val_no_feedback","Valence","VS",1748357954322,"positive",1016,"A","positive;negative","","",6.92362862813843,494
"495","undefined","jail","calibrator_val_no_feedback","Valence","VS",1748357955926,"negative",845,"A","positive;negative","","",6.73933662735717,495
"496","undefined","kitten","calibrator_val_no_feedback","Valence","VS",1748357957552,"positive",874,"A","positive;negative","","",6.77308037565554,496
"497","undefined","free","calibrator_val_no_feedback","Valence","VS",1748357959157,"positive",851,"A","positive;negative","","",6.74641212857337,497
"498","undefined","icebox","calibrator_val_no_feedback","Valence","VS",1748357961445,"positive",1533,"A","positive;negative","","",7.33498187887181,498
"499","undefined","industry","calibrator_val_no_feedback","Valence","VS",1748357963124,"positive",926,"A","positive;negative","","",6.83087423464618,499
"500","undefined","insecure","calibrator_val_no_feedback","Valence","VS",1748357964600,"negative",720,"A","positive;negative","","",6.5792512120101,500
"501","undefined","kitten","calibrator_val_feedback","Valence","VS",1773244638435,"positive",1256,"negative","positive","negative;positive","B",7.13568734702814,501
"502","undefined","industry","calibrator_val_feedback","Valence","VS",1773244642602,"positive",1402,"negative","positive","negative;positive","B",7.24565506759454,502
"503","undefined","grin","calibrator_val_feedback","Valence","VS",1773244646227,"positive",862,"negative","positive","negative;positive","B",6.75925527066369,503
"504","undefined","icebox","calibrator_val_feedback","Valence","VS",1773244650715,"positive",1722,"negative","positive","negative;positive","B",7.45124168498768,504
"505","undefined","joke","calibrator_val_feedback","Valence","VS",1773244654435,"positive",956,"negative","positive","negative;positive","B",6.8627579130514,505
"506","undefined","hat","calibrator_val_feedback","Valence","VS",1773244658050,"positive",852,"negative","positive","negative;positive","B",6.74758652682932,506
"507","undefined","insecure","calibrator_val_feedback","Valence","VS",1773244661707,"negative",892,"negative","positive","negative;positive","B",6.79346613258001,507
"508","undefined","free","calibrator_val_feedback","Valence","VS",1773244665160,"positive",692,"negative","positive","negative;positive","B",6.53958595561767,508
"509","undefined","jail","calibrator_val_feedback","Valence","VS",1773244669039,"negative",1117,"negative","positive","negative;positive","B",7.0184017990692,509
"510","undefined","invader","calibrator_val_feedback","Valence","VS",1773244672851,"negative",1050,"negative","positive","negative;positive","B",6.95654544315157,510
"511","undefined","joke","calibrator_val_no_feedback","Valence","VS",1773244676780,"positive",1165,"B","negative;positive","","",7.0604763659998,511
"512","undefined","icebox","calibrator_val_no_feedback","Valence","VS",1773244678319,"positive",781,"B","negative;positive","","",6.66057514983969,512
"513","undefined","kitten","calibrator_val_no_feedback","Valence","VS",1773244679656,"positive",578,"B","negative;positive","","",6.35957386867238,513
"514","undefined","free","calibrator_val_no_feedback","Valence","VS",1773244681050,"positive",634,"B","negative;positive","","",6.45204895443723,514
"515","undefined","industry","calibrator_val_no_feedback","Valence","VS",1773244682530,"positive",721,"B","negative;positive","","",6.58063913728495,515
"516","undefined","insecure","calibrator_val_no_feedback","Valence","VS",1773244683953,"negative",664,"B","negative;positive","","",6.49828214947643,516
"517","undefined","invader","calibrator_val_no_feedback","Valence","VS",1773244685337,"negative",623,"B","negative;positive","","",6.43454651878745,517
"518","undefined","jail","calibrator_val_no_feedback","Valence","VS",1773244686670,"negative",573,"B","negative;positive","","",6.35088571671474,518
"519","undefined","hat","calibrator_val_no_feedback","Valence","VS",1773244688121,"positive",691,"B","negative;positive","","",6.53813982376767,519
"520","undefined","grin","calibrator_val_no_feedback","Valence","VS",1773244689418,"positive",539,"B","negative;positive","","",6.289715570909,520
"521","undefined","invader","calibrator_val_feedback","Valence","VS",1773246392690,"negative",1137,"positive","negative","positive;negative","A",7.03614849375054,521
"522","undefined","kitten","calibrator_val_feedback","Valence","VS",1773246396065,"positive",615,"positive","negative","positive;negative","A",6.42162226780652,522
"523","undefined","industry","calibrator_val_feedback","Valence","VS",1773246399867,"positive",1043,"positive","negative","positive;negative","A",6.94985645500077,523
"524","undefined","jail","calibrator_val_feedback","Valence","VS",1773246403395,"negative",772,"positive","negative","positive;negative","A",6.64898455002478,524
"525","undefined","icebox","calibrator_val_feedback","Valence","VS",1773246406963,"positive",815,"positive","negative","positive;negative","A",6.70318811324086,525
"526","undefined","grin","calibrator_val_feedback","Valence","VS",1773246411074,"positive",1353,"positive","negative","positive;negative","A",7.21007962817079,526
"527","undefined","joke","calibrator_val_feedback","Valence","VS",1773246414547,"positive",716,"positive","negative","positive;negative","A",6.57368016696065,527
"528","undefined","insecure","calibrator_val_feedback","Valence","VS",1773246418266,"negative",964,"positive","negative","positive;negative","A",6.87109129461055,528
"529","undefined","hat","calibrator_val_feedback","Valence","VS",1773246422362,"positive",1343,"positive","negative","positive;negative","A",7.20266119652324,529
"530","undefined","free","calibrator_val_feedback","Valence","VS",1773246425827,"positive",704,"positive","negative","positive;negative","A",6.55677835615804,530
"531","undefined","joke","calibrator_val_no_feedback","Valence","VS",1773246429178,"positive",598,"A","positive;negative","","",6.39359075395063,531
"532","undefined","hat","calibrator_val_no_feedback","Valence","VS",1773246430858,"positive",926,"A","positive;negative","","",6.83087423464618,532
"533","undefined","kitten","calibrator_val_no_feedback","Valence","VS",1773246432330,"positive",715,"A","positive;negative","","",6.57228254269401,533
"534","undefined","invader","calibrator_val_no_feedback","Valence","VS",1773246433706,"negative",616,"A","positive;negative","","",6.42324696353352,534
"535","undefined","jail","calibrator_val_no_feedback","Valence","VS",1773246435058,"negative",594,"A","positive;negative","","",6.38687931936265,535
"536","undefined","icebox","calibrator_val_no_feedback","Valence","VS",1773246436531,"negative",719,"A","positive;negative","","",6.57786135772105,536
"537","undefined","industry","calibrator_val_no_feedback","Valence","VS",1773246438050,"positive",766,"A","positive;negative","","",6.64118216974059,537
"538","undefined","insecure","calibrator_val_no_feedback","Valence","VS",1773246439442,"negative",638,"A","positive;negative","","",6.45833828334479,538
"539","undefined","free","calibrator_val_no_feedback","Valence","VS",1773246440930,"positive",734,"A","positive;negative","","",6.59850902861452,539
"540","undefined","grin","calibrator_val_no_feedback","Valence","VS",1773246442250,"positive",566,"A","positive;negative","","",6.33859407820318,540
"541","undefined","jail","calibrator_val_feedback","Valence","SV",1773252357098,"negative",1083,"positive","negative","positive;negative","A",6.98749024700099,541
"542","undefined","industry","calibrator_val_feedback","Valence","SV",1773252361362,"positive",1503,"positive","negative","positive;negative","A",7.31521838975297,542
"543","undefined","hat","calibrator_val_feedback","Valence","SV",1773252366205,"positive",2084,"positive","negative","positive;negative","A",7.64204440287326,543
"544","undefined","joke","calibrator_val_feedback","Valence","SV",1773252370175,"positive",1212,"positive","negative","positive;negative","A",7.10002716662926,544
"545","undefined","icebox","calibrator_val_feedback","Valence","SV",1773252374367,"positive",1433,"positive","negative","positive;negative","A",7.26752542782817,545
"546","undefined","grin","calibrator_val_feedback","Valence","SV",1773252378799,"positive",1670,"positive","negative","positive;negative","A",7.4205789054108,546
"547","undefined","invader","calibrator_val_feedback","Valence","SV",1773252383144,"negative",1585,"positive","negative","positive;negative","A",7.36833968631138,547
"548","undefined","free","calibrator_val_feedback","Valence","SV",1773252386989,"positive",1083,"positive","negative","positive;negative","A",6.98749024700099,548
"549","undefined","kitten","calibrator_val_feedback","Valence","SV",1773252390761,"positive",1013,"positive","negative","positive;negative","A",6.92067150424868,549
"550","undefined","insecure","calibrator_val_feedback","Valence","SV",1773252395425,"negative",1905,"positive","negative","positive;negative","A",7.5522372875608,550
"551","undefined","jail","calibrator_val_no_feedback","Valence","SV",1773252399124,"negative",937,"A","positive;negative","","",6.84268328223842,551
"552","undefined","grin","calibrator_val_no_feedback","Valence","SV",1773252400774,"positive",893,"A","positive;negative","","",6.7945865808765,552
"553","undefined","invader","calibrator_val_no_feedback","Valence","SV",1773252402465,"negative",933,"A","positive;negative","","",6.83840520084734,553
"554","undefined","industry","calibrator_val_no_feedback","Valence","SV",1773252404024,"positive",799,"A","positive;negative","","",6.68336094576627,554
"555","undefined","hat","calibrator_val_no_feedback","Valence","SV",1773252405641,"positive",859,"A","positive;negative","","",6.75576892198425,555
"556","undefined","kitten","calibrator_val_no_feedback","Valence","SV",1773252407301,"positive",902,"A","positive;negative","","",6.80461452006262,556
"557","undefined","insecure","calibrator_val_no_feedback","Valence","SV",1773252408965,"negative",904,"A","positive;negative","","",6.80682936039218,557
"558","undefined","icebox","calibrator_val_no_feedback","Valence","SV",1773252410703,"positive",982,"A","positive;negative","","",6.88959130835447,558
"559","undefined","joke","calibrator_val_no_feedback","Valence","SV",1773252412338,"positive",875,"A","positive;negative","","",6.77422388635761,559
"560","undefined","free","calibrator_val_no_feedback","Valence","SV",1773252414085,"positive",985,"A","positive;negative","","",6.89264164117209,560
"561","undefined","invader","calibrator_val_feedback","Valence","SV",1773249617311,"negative",2285,"negative","positive","negative;positive","B",7.7341213033283,561
"562","undefined","grin","calibrator_val_feedback","Valence","SV",1773249621532,"positive",1458,"negative","positive","negative;positive","B",7.2848209125686,562
"563","undefined","kitten","calibrator_val_feedback","Valence","SV",1773249625653,"positive",1355,"negative","positive","negative;positive","B",7.2115567333138,563
"564","undefined","hat","calibrator_val_feedback","Valence","SV",1773249629282,"positive",868,"negative","positive","negative;positive","B",6.76619171466035,564
"565","undefined","jail","calibrator_val_feedback","Valence","SV",1773249633068,"negative",1023,"negative","positive","negative;positive","B",6.93049476595163,565
"566","undefined","industry","calibrator_val_feedback","Valence","SV",1773249636904,"positive",1074,"negative","positive","negative;positive","B",6.97914527506881,566
"567","undefined","free","calibrator_val_feedback","Valence","SV",1773249640711,"positive",1046,"negative","positive","negative;positive","B",6.95272864462487,567
"568","undefined","icebox","calibrator_val_feedback","Valence","SV",1773249644632,"positive",1163,"negative","positive","negative;positive","B",7.05875815251866,568
"569","undefined","insecure","calibrator_val_feedback","Valence","SV",1773249649458,"negative",2069,"negative","positive","negative;positive","B",7.63482067774554,569
"570","undefined","joke","calibrator_val_feedback","Valence","SV",1773249653032,"positive",811,"negative","positive","negative;positive","B",6.69826805411541,570
"571","undefined","kitten","calibrator_val_no_feedback","Valence","SV",1773249656505,"positive",713,"B","negative;positive","","",6.5694814204143,571
"572","undefined","invader","calibrator_val_no_feedback","Valence","SV",1773249657950,"negative",685,"B","negative;positive","","",6.52941883826223,572
"573","undefined","free","calibrator_val_no_feedback","Valence","SV",1773249659399,"positive",688,"B","negative;positive","","",6.53378883793334,573
"574","undefined","hat","calibrator_val_no_feedback","Valence","SV",1773249660875,"positive",716,"B","negative;positive","","",6.57368016696065,574
"575","undefined","industry","calibrator_val_no_feedback","Valence","SV",1773249662341,"positive",708,"B","negative;positive","","",6.56244409369372,575
"576","undefined","joke","calibrator_val_no_feedback","Valence","SV",1773249663818,"positive",721,"B","negative;positive","","",6.58063913728495,576
"577","undefined","jail","calibrator_val_no_feedback","Valence","SV",1773249665249,"negative",675,"B","negative;positive","","",6.51471269087253,577
"578","undefined","icebox","calibrator_val_no_feedback","Valence","SV",1773249666820,"positive",815,"B","negative;positive","","",6.70318811324086,578
"579","undefined","grin","calibrator_val_no_feedback","Valence","SV",1773249668156,"positive",576,"B","negative;positive","","",6.35610766069589,579
"580","undefined","insecure","calibrator_val_no_feedback","Valence","SV",1773249669477,"negative",566,"B","negative;positive","","",6.33859407820318,580
"581","undefined","joke","calibrator_val_feedback","Valence","VS",1748356861410,"positive",1671,"negative","positive","negative;positive","B",7.42117752859539,581
"582","undefined","industry","calibrator_val_feedback","Valence","VS",1748356865742,"positive",1291,"negative","positive","negative;positive","B",7.16317239084664,582
"583","undefined","invader","calibrator_val_feedback","Valence","VS",1748356869618,"negative",1090,"negative","positive","negative;positive","B",6.99393297522319,583
"584","undefined","insecure","calibrator_val_feedback","Valence","VS",1748356873121,"negative",737,"negative","positive","negative;positive","B",6.60258789218934,584
"585","undefined","kitten","calibrator_val_feedback","Valence","VS",1748356876840,"positive",650,"negative","positive","negative;positive","B",6.47697236288968,585
"586","undefined","grin","calibrator_val_feedback","Valence","VS",1748356880315,"negative",704,"negative","positive","negative;positive","B",6.55677835615804,586
"587","undefined","jail","calibrator_val_feedback","Valence","VS",1748356883938,"negative",845,"negative","positive","negative;positive","B",6.73933662735717,587
"588","undefined","icebox","calibrator_val_feedback","Valence","VS",1748356887752,"positive",1048,"negative","positive","negative;positive","B",6.95463886488099,588
"589","undefined","free","calibrator_val_feedback","Valence","VS",1748356891067,"positive",542,"negative","positive","negative;positive","B",6.29526600143965,589
"590","undefined","hat","calibrator_val_feedback","Valence","VS",1748356894652,"positive",783,"negative","positive","negative;positive","B",6.6631326959908,590
"591","undefined","industry","calibrator_val_no_feedback","Valence","VS",1748356898370,"positive",846,"B","negative;positive","","",6.74051935960622,591
"592","undefined","free","calibrator_val_no_feedback","Valence","VS",1748356899971,"positive",845,"B","negative;positive","","",6.73933662735717,592
"593","undefined","kitten","calibrator_val_no_feedback","Valence","VS",1748356901280,"positive",542,"B","negative;positive","","",6.29526600143965,593
"594","undefined","hat","calibrator_val_no_feedback","Valence","VS",1748356902563,"positive",524,"B","negative;positive","","",6.26149168432104,594
"595","undefined","invader","calibrator_val_no_feedback","Valence","VS",1748356904094,"negative",764,"B","negative;positive","","",6.63856778916652,595
"596","undefined","icebox","calibrator_val_no_feedback","Valence","VS",1748356905489,"positive",630,"B","negative;positive","","",6.44571981938558,596
"597","undefined","joke","calibrator_val_no_feedback","Valence","VS",1748356906830,"positive",574,"B","negative;positive","","",6.35262939631957,597
"598","undefined","insecure","calibrator_val_no_feedback","Valence","VS",1748356908255,"negative",659,"B","negative;positive","","",6.49072353450251,598
"599","undefined","grin","calibrator_val_no_feedback","Valence","VS",1748356909602,"negative",592,"B","negative;positive","","",6.38350663488401,599
"600","undefined","jail","calibrator_val_no_feedback","Valence","VS",1748356911320,"positive",955,"B","negative;positive","","",6.86171134048073,600
"601","undefined","grin","calibrator_val_feedback","Valence","SV",1773253059641,"positive",1227,"positive","negative","positive;negative","A",7.11232744471091,601
"602","undefined","insecure","calibrator_val_feedback","Valence","SV",1773253063603,"negative",1180,"positive","negative","positive;negative","A",7.07326971745971,602
"603","undefined","icebox","calibrator_val_feedback","Valence","SV",1773253068091,"positive",1722,"positive","negative","positive;negative","A",7.45124168498768,603
"604","undefined","joke","calibrator_val_feedback","Valence","SV",1773253072647,"positive",1777,"positive","negative","positive;negative","A",7.48268182815465,604
"605","undefined","kitten","calibrator_val_feedback","Valence","SV",1773253076597,"positive",1171,"positive","negative","positive;negative","A",7.06561336359772,605
"606","undefined","hat","calibrator_val_feedback","Valence","SV",1773253080382,"positive",1017,"positive","negative","positive;negative","A",6.92461239604856,606
"607","undefined","invader","calibrator_val_feedback","Valence","SV",1773253084342,"negative",1179,"positive","negative","positive;negative","A",7.07242190053737,607
"608","undefined","industry","calibrator_val_feedback","Valence","SV",1773253090005,"positive",2873,"positive","negative","positive;negative","A",7.96311205897929,608
"609","undefined","jail","calibrator_val_feedback","Valence","SV",1773253095353,"negative",2567,"positive","negative","positive;negative","A",7.85049318087114,609
"610","undefined","free","calibrator_val_feedback","Valence","SV",1773253100556,"positive",2433,"positive","negative","positive;negative","A",7.79688034278352,610
"611","undefined","invader","calibrator_val_no_feedback","Valence","SV",1773253104953,"negative",1605,"A","positive;negative","","",7.38087903556412,611
"612","undefined","insecure","calibrator_val_no_feedback","Valence","SV",1773253107026,"negative",1307,"A","positive;negative","","",7.17548971362422,612
"613","undefined","hat","calibrator_val_no_feedback","Valence","SV",1773253108679,"positive",884,"A","positive;negative","","",6.78445706263764,613
"614","undefined","industry","calibrator_val_no_feedback","Valence","SV",1773253110384,"positive",925,"A","positive;negative","","",6.82979373751242,614
"615","undefined","jail","calibrator_val_no_feedback","Valence","SV",1773253111855,"negative",710,"A","positive;negative","","",6.56526497003536,615
"616","undefined","joke","calibrator_val_no_feedback","Valence","SV",1773253113722,"positive",1096,"A","positive;negative","","",6.99942246750796,616
"617","undefined","free","calibrator_val_no_feedback","Valence","SV",1773253115997,"positive",1501,"A","positive;negative","","",7.31388683163346,617
"618","undefined","icebox","calibrator_val_no_feedback","Valence","SV",1773253117560,"positive",795,"A","positive;negative","","",6.67834211465433,618
"619","undefined","grin","calibrator_val_no_feedback","Valence","SV",1773253119032,"positive",705,"A","positive;negative","","",6.55819780281227,619
"620","undefined","kitten","calibrator_val_no_feedback","Valence","SV",1773253120390,"positive",581,"A","positive;negative","","",6.36475075685191,620
"621","undefined","icebox","calibrator_val_feedback","Valence","SV",1773249907453,"positive",1937,"negative","positive","negative;positive","B",7.568895663407,621
"622","undefined","grin","calibrator_val_feedback","Valence","SV",1773249911457,"positive",1239,"negative","positive","negative;positive","B",7.12205988162914,622
"623","undefined","insecure","calibrator_val_feedback","Valence","SV",1773249915333,"negative",1113,"negative","positive","negative;positive","B",7.01481435127554,623
"624","undefined","industry","calibrator_val_feedback","Valence","SV",1773249918967,"positive",873,"negative","positive","negative;positive","B",6.7719355558396,624
"625","undefined","free","calibrator_val_feedback","Valence","SV",1773249923193,"positive",1468,"negative","positive","negative;positive","B",7.29165620917446,625
"626","undefined","joke","calibrator_val_feedback","Valence","SV",1773249927318,"positive",1361,"negative","positive","negative;positive","B",7.21597500265147,626
"627","undefined","hat","calibrator_val_feedback","Valence","SV",1773249931406,"positive",1329,"negative","positive","negative;positive","B",7.19218205871325,627
"628","undefined","kitten","calibrator_val_feedback","Valence","SV",1773249935056,"positive",893,"negative","positive","negative;positive","B",6.7945865808765,628
"629","undefined","invader","calibrator_val_feedback","Valence","SV",1773249939681,"negative",1861,"negative","positive","negative;positive","B",7.52886925664225,629
"630","undefined","jail","calibrator_val_feedback","Valence","SV",1773249943398,"negative",962,"negative","positive","negative;positive","B",6.86901445066571,630
"631","undefined","icebox","calibrator_val_no_feedback","Valence","SV",1773249948047,"positive",1886,"B","negative;positive","","",7.5422134631934,631
"632","undefined","kitten","calibrator_val_no_feedback","Valence","SV",1773249949677,"positive",876,"B","negative;positive","","",6.77536609093639,632
"633","undefined","grin","calibrator_val_no_feedback","Valence","SV",1773249951437,"positive",1005,"B","negative;positive","","",6.91274282049318,633
"634","undefined","hat","calibrator_val_no_feedback","Valence","SV",1773249953968,"negative",1776,"B","negative;positive","","",7.48211892355212,634
"635","undefined","joke","calibrator_val_no_feedback","Valence","SV",1773249956042,"positive",1318,"B","negative;positive","","",7.18387071506245,635
"636","undefined","insecure","calibrator_val_no_feedback","Valence","SV",1773249958684,"negative",1884,"B","negative;positive","","",7.54115245513631,636
"637","undefined","jail","calibrator_val_no_feedback","Valence","SV",1773249960221,"negative",780,"B","negative;positive","","",6.65929391968364,637
"638","undefined","industry","calibrator_val_no_feedback","Valence","SV",1773249961739,"positive",762,"B","negative;positive","","",6.63594655568665,638
"639","undefined","free","calibrator_val_no_feedback","Valence","SV",1773249964704,"positive",2212,"B","negative;positive","","",7.70165236264223,639
"640","undefined","invader","calibrator_val_no_feedback","Valence","SV",1773249966523,"negative",1062,"B","negative;positive","","",6.96790920180188,640
"641","undefined","kitten","calibrator_val_feedback","Valence","SV",1748360810457,"positive",2420,"positive","negative","positive;negative","A",7.79152281915073,641
"642","undefined","joke","calibrator_val_feedback","Valence","SV",1748360813817,"negative",1043,"positive","negative","positive;negative","A",6.94985645500077,642
"643","undefined","insecure","calibrator_val_feedback","Valence","SV",1748360817497,"negative",828,"positive","negative","positive;negative","A",6.71901315438526,643
"644","undefined","free","calibrator_val_feedback","Valence","SV",1748360820153,"positive",1555,"positive","negative","positive;negative","A",7.34923082461333,644
"645","undefined","icebox","calibrator_val_feedback","Valence","SV",1748360825681,"positive",2772,"positive","negative","positive;negative","A",7.92732436030979,645
"646","undefined","hat","calibrator_val_feedback","Valence","SV",1748360829801,"positive",1363,"positive","negative","positive;negative","A",7.21744343169653,646
"647","undefined","grin","calibrator_val_feedback","Valence","SV",1748360833297,"positive",738,"positive","negative","positive;negative","A",6.60394382460047,647
"648","undefined","industry","calibrator_val_feedback","Valence","SV",1748360837017,"positive",962,"positive","negative","positive;negative","A",6.86901445066571,648
"649","undefined","invader","calibrator_val_feedback","Valence","SV",1748360842161,"negative",2387,"positive","negative","positive;negative","A",7.77779262633883,649
"650","undefined","jail","calibrator_val_feedback","Valence","SV",1748360845849,"negative",925,"positive","negative","positive;negative","A",6.82979373751242,650
"651","undefined","icebox","calibrator_val_no_feedback","Valence","SV",1748360850329,"negative",1725,"A","positive;negative","","",7.45298232946546,651
"652","undefined","insecure","calibrator_val_no_feedback","Valence","SV",1748360852025,"negative",938,"A","positive;negative","","",6.84374994900622,652
"653","undefined","jail","calibrator_val_no_feedback","Valence","SV",1748360853442,"negative",663,"A","positive;negative","","",6.49677499018586,653
"654","undefined","kitten","calibrator_val_no_feedback","Valence","SV",1748360854825,"positive",631,"A","positive;negative","","",6.44730586254121,654
"655","undefined","free","calibrator_val_no_feedback","Valence","SV",1748360856497,"positive",916,"A","positive;negative","","",6.82001636467413,655
"656","undefined","industry","calibrator_val_no_feedback","Valence","SV",1748360857993,"positive",739,"A","positive;negative","","",6.6052979209482,656
"657","undefined","hat","calibrator_val_no_feedback","Valence","SV",1748360859370,"positive",623,"A","positive;negative","","",6.43454651878745,657
"658","undefined","joke","calibrator_val_no_feedback","Valence","SV",1748360860874,"positive",750,"A","positive;negative","","",6.62007320653036,658
"659","undefined","invader","calibrator_val_no_feedback","Valence","SV",1748360862274,"negative",647,"A","positive;negative","","",6.4723462945009,659
"660","undefined","grin","calibrator_val_no_feedback","Valence","SV",1748360863681,"positive",652,"A","positive;negative","","",6.48004456192665,660
"661","undefined","grin","calibrator_val_feedback","Valence","SV",1748359446018,"positive",1029,"negative","positive","negative;positive","B",6.93634273583405,661
"662","undefined","kitten","calibrator_val_feedback","Valence","SV",1748359449405,"positive",622,"negative","positive","negative;positive","B",6.43294009273918,662
"663","undefined","industry","calibrator_val_feedback","Valence","SV",1748359453168,"negative",999,"negative","positive","negative;positive","B",6.90675477864855,663
"664","undefined","insecure","calibrator_val_feedback","Valence","SV",1748359457912,"negative",797,"negative","positive","negative;positive","B",6.68085467879022,664
"665","undefined","hat","calibrator_val_feedback","Valence","SV",1748359460426,"positive",934,"negative","positive","negative;positive","B",6.83947643822884,665
"666","undefined","icebox","calibrator_val_feedback","Valence","SV",1748359464111,"positive",920,"negative","positive","negative;positive","B",6.82437367004309,666
"667","undefined","invader","calibrator_val_feedback","Valence","SV",1748359467978,"negative",1100,"negative","positive","negative;positive","B",7.00306545878646,667
"668","undefined","free","calibrator_val_feedback","Valence","SV",1748359471514,"positive",777,"negative","positive","negative;positive","B",6.65544035036765,668
"669","undefined","joke","calibrator_val_feedback","Valence","SV",1748359475543,"positive",1262,"negative","positive","negative;positive","B",7.14045304310116,669
"670","undefined","jail","calibrator_val_feedback","Valence","SV",1748359479185,"negative",878,"negative","positive","negative;positive","B",6.77764659363512,670
"671","undefined","free","calibrator_val_no_feedback","Valence","SV",1748359482946,"positive",997,"B","negative;positive","","",6.90475076996184,671
"672","undefined","grin","calibrator_val_no_feedback","Valence","SV",1748359484345,"positive",642,"B","negative;positive","","",6.46458830368996,672
"673","undefined","icebox","calibrator_val_no_feedback","Valence","SV",1748359485770,"positive",668,"B","negative;positive","","",6.50428817353665,673
"674","undefined","hat","calibrator_val_no_feedback","Valence","SV",1748359487083,"positive",552,"B","negative;positive","","",6.31354804627709,674
"675","undefined","kitten","calibrator_val_no_feedback","Valence","SV",1748359488370,"positive",528,"B","negative;positive","","",6.26909628370626,675
"676","undefined","jail","calibrator_val_no_feedback","Valence","SV",1748359489664,"negative",532,"B","negative;positive","","",6.27664348934164,676
"677","undefined","insecure","calibrator_val_no_feedback","Valence","SV",1748359490974,"negative",555,"B","negative;positive","","",6.31896811374643,677
"678","undefined","invader","calibrator_val_no_feedback","Valence","SV",1748359492285,"negative",554,"B","negative;positive","","",6.31716468674728,678
"679","undefined","industry","calibrator_val_no_feedback","Valence","SV",1748359493628,"negative",586,"B","negative;positive","","",6.37331978957701,679
"680","undefined","joke","calibrator_val_no_feedback","Valence","SV",1748359494861,"positive",475,"B","negative;positive","","",6.16331480403464,680
"681","undefined","grin","calibrator_val_feedback","Valence","VS",1748357378790,"positive",977,"positive","negative","positive;negative","A",6.88448665204278,681
"682","undefined","free","calibrator_val_feedback","Valence","VS",1748357382529,"positive",1167,"positive","negative","positive;negative","A",7.06219163228656,682
"683","undefined","joke","calibrator_val_feedback","Valence","VS",1748357385450,"positive",1553,"positive","negative","positive;negative","A",7.34794382314869,683
"684","undefined","icebox","calibrator_val_feedback","Valence","VS",1748357389851,"positive",1639,"positive","negative","positive;negative","A",7.40184157874383,684
"685","undefined","insecure","calibrator_val_feedback","Valence","VS",1748357393635,"negative",1023,"positive","negative","positive;negative","A",6.93049476595163,685
"686","undefined","industry","calibrator_val_feedback","Valence","VS",1748357397826,"positive",1433,"positive","negative","positive;negative","A",7.26752542782817,686
"687","undefined","invader","calibrator_val_feedback","Valence","VS",1748357401877,"negative",1295,"positive","negative","positive;negative","A",7.16626597413364,687
"688","undefined","jail","calibrator_val_feedback","Valence","VS",1748357405722,"negative",1092,"positive","negative","positive;negative","A",6.99576615630485,688
"689","undefined","hat","calibrator_val_feedback","Valence","VS",1748357409699,"positive",1224,"positive","negative","positive;negative","A",7.10987946307227,689
"690","undefined","kitten","calibrator_val_feedback","Valence","VS",1748357413701,"positive",1241,"positive","negative","positive;negative","A",7.12367278520461,690
"691","undefined","invader","calibrator_val_no_feedback","Valence","VS",1748357417533,"negative",1075,"A","positive;negative","","",6.98007594056176,691
"692","undefined","industry","calibrator_val_no_feedback","Valence","VS",1748357420158,"negative",1872,"A","positive;negative","","",7.53476265703754,692
"693","undefined","insecure","calibrator_val_no_feedback","Valence","VS",1748357421836,"negative",926,"A","positive;negative","","",6.83087423464618,693
"694","undefined","grin","calibrator_val_no_feedback","Valence","VS",1748357423457,"positive",862,"A","positive;negative","","",6.75925527066369,694
"695","undefined","hat","calibrator_val_no_feedback","Valence","VS",1748357425174,"positive",963,"A","positive;negative","","",6.87005341179813,695
"696","undefined","kitten","calibrator_val_no_feedback","Valence","VS",1748357427316,"positive",1388,"A","positive;negative","","",7.23561914106675,696
"697","undefined","icebox","calibrator_val_no_feedback","Valence","VS",1748357429038,"positive",965,"A","positive;negative","","",6.87212810133899,697
"698","undefined","free","calibrator_val_no_feedback","Valence","VS",1748357430560,"positive",769,"A","positive;negative","","",6.64509096950564,698
"699","undefined","joke","calibrator_val_no_feedback","Valence","VS",1748357432013,"positive",700,"A","positive;negative","","",6.5510803350434,699
"700","undefined","jail","calibrator_val_no_feedback","Valence","VS",1748357433572,"negative",802,"A","positive;negative","","",6.68710860786651,700
"701","undefined","kitten","calibrator_val_feedback","Valence","SV",1773252450204,"positive",2056,"positive","negative","positive;negative","A",7.62851762657506,701
"702","undefined","invader","calibrator_val_feedback","Valence","SV",1773252454111,"negative",1152,"positive","negative","positive;negative","A",7.04925484125584,702
"703","undefined","icebox","calibrator_val_feedback","Valence","SV",1773252458044,"positive",1176,"positive","negative","positive;negative","A",7.06987412845857,703
"704","undefined","industry","calibrator_val_feedback","Valence","SV",1773252462945,"negative",2147,"positive","negative","positive;negative","A",7.67182679787878,704
"705","undefined","insecure","calibrator_val_feedback","Valence","SV",1773252467092,"negative",1392,"positive","negative","positive;negative","A",7.23849684089437,705
"706","undefined","hat","calibrator_val_feedback","Valence","SV",1773252471232,"positive",1387,"positive","negative","positive;negative","A",7.23489842031483,706
"707","undefined","jail","calibrator_val_feedback","Valence","SV",1773252475061,"negative",1078,"positive","negative","positive;negative","A",6.98286275146894,707
"708","undefined","free","calibrator_val_feedback","Valence","SV",1773252479354,"positive",1532,"positive","negative","positive;negative","A",7.33432935030054,708
"709","undefined","joke","calibrator_val_feedback","Valence","SV",1773252483564,"positive",1457,"positive","negative","positive;negative","A",7.2841348061952,709
"710","undefined","grin","calibrator_val_feedback","Valence","SV",1773252487396,"positive",1076,"positive","negative","positive;negative","A",6.98100574072173,710
"711","undefined","hat","calibrator_val_no_feedback","Valence","SV",1773252499046,"negative",8896,"A","positive;negative","","",9.09335701649036,711
"712","undefined","invader","calibrator_val_no_feedback","Valence","SV",1773252501196,"negative",1396,"A","positive;negative","","",7.24136628332232,712
"713","undefined","grin","calibrator_val_no_feedback","Valence","SV",1773252503308,"positive",1356,"A","positive;negative","","",7.21229446850034,713
"714","undefined","kitten","calibrator_val_no_feedback","Valence","SV",1773252504761,"positive",696,"A","positive;negative","","",6.54534966033442,714
"715","undefined","industry","calibrator_val_no_feedback","Valence","SV",1773252511217,"negative",5702,"A","positive;negative","","",8.64857226947262,715
"716","undefined","free","calibrator_val_no_feedback","Valence","SV",1773252512805,"positive",835,"A","positive;negative","","",6.72743172485086,716
"717","undefined","jail","calibrator_val_no_feedback","Valence","SV",1773252515096,"negative",1536,"A","positive;negative","","",7.33693691370762,717
"718","undefined","insecure","calibrator_val_no_feedback","Valence","SV",1773252517334,"negative",1484,"A","positive;negative","","",7.30249642372733,718
"719","undefined","joke","calibrator_val_no_feedback","Valence","SV",1773252518708,"positive",621,"A","positive;negative","","",6.43133108193348,719
"720","undefined","icebox","calibrator_val_no_feedback","Valence","SV",1773252521467,"positive",2007,"A","positive;negative","","",7.60439634879634,720
"721","undefined","insecure","calibrator_val_feedback","Valence","VS",1748357311837,"negative",969,"positive","negative","positive;negative","A",6.87626461189077,721
"722","undefined","grin","calibrator_val_feedback","Valence","VS",1748357315600,"positive",1005,"positive","negative","positive;negative","A",6.91274282049318,722
"723","undefined","invader","calibrator_val_feedback","Valence","VS",1748357319578,"negative",1220,"positive","negative","positive;negative","A",7.1066061377273,723
"724","undefined","hat","calibrator_val_feedback","Valence","VS",1748357323563,"positive",1223,"positive","negative","positive;negative","A",7.10906213568717,724
"725","undefined","icebox","calibrator_val_feedback","Valence","VS",1748357327465,"positive",1146,"positive","negative","positive;negative","A",7.04403289727469,725
"726","undefined","industry","calibrator_val_feedback","Valence","VS",1748357332468,"positive",2244,"positive","negative","positive;negative","A",7.71601526664259,726
"727","undefined","joke","calibrator_val_feedback","Valence","VS",1748357337534,"positive",2309,"positive","negative","positive;negative","A",7.7445698093545,727
"728","undefined","jail","calibrator_val_feedback","Valence","VS",1748357341291,"negative",996,"positive","negative","positive;negative","A",6.9037472575846,728
"729","undefined","kitten","calibrator_val_feedback","Valence","VS",1748357345206,"positive",1157,"positive","negative","positive;negative","A",7.05358572719368,729
"730","undefined","free","calibrator_val_feedback","Valence","VS",1748357349069,"positive",1104,"positive","negative","positive;negative","A",7.00669522683704,730
"731","undefined","insecure","calibrator_val_no_feedback","Valence","VS",1748357352994,"negative",1163,"A","positive;negative","","",7.05875815251866,731
"732","undefined","icebox","calibrator_val_no_feedback","Valence","VS",1748357354925,"positive",1175,"A","positive;negative","","",7.06902342657826,732
"733","undefined","free","calibrator_val_no_feedback","Valence","VS",1748357356741,"positive",1057,"A","positive;negative","","",6.96318998587024,733
"734","undefined","jail","calibrator_val_no_feedback","Valence","VS",1748357358553,"positive",1060,"A","positive;negative","","",6.96602418710611,734
"735","undefined","industry","calibrator_val_no_feedback","Valence","VS",1748357360476,"positive",1166,"A","positive;negative","","",7.06133436691044,735
"736","undefined","invader","calibrator_val_no_feedback","Valence","VS",1748357361991,"negative",758,"A","positive;negative","","",6.63068338564237,736
"737","undefined","joke","calibrator_val_no_feedback","Valence","VS",1748357363545,"positive",799,"A","positive;negative","","",6.68336094576627,737
"738","undefined","grin","calibrator_val_no_feedback","Valence","VS",1748357364976,"positive",670,"A","positive;negative","","",6.50727771238501,738
"739","undefined","kitten","calibrator_val_no_feedback","Valence","VS",1748357366361,"positive",629,"A","positive;negative","","",6.44413125670044,739
"740","undefined","hat","calibrator_val_no_feedback","Valence","VS",1748357367935,"positive",818,"A","positive;negative","","",6.70686233660275,740
"741","undefined","industry","calibrator_val_feedback","Valence","SV",1773253553112,"negative",2794,"negative","positive","negative;positive","B",7.93522953981691,741
"742","undefined","insecure","calibrator_val_feedback","Valence","SV",1773253557344,"negative",1472,"negative","positive","negative;positive","B",7.29437729928882,742
"743","undefined","free","calibrator_val_feedback","Valence","SV",1773253561281,"positive",1179,"negative","positive","negative;positive","B",7.07242190053737,743
"744","undefined","invader","calibrator_val_feedback","Valence","SV",1773253564808,"negative",766,"negative","positive","negative;positive","B",6.64118216974059,744
"745","undefined","icebox","calibrator_val_feedback","Valence","SV",1773253568512,"positive",944,"negative","positive","negative;positive","B",6.8501261661455,745
"746","undefined","kitten","calibrator_val_feedback","Valence","SV",1773253572872,"positive",1596,"negative","positive","negative;positive","B",7.37525577800975,746
"747","undefined","grin","calibrator_val_feedback","Valence","SV",1773253576615,"positive",983,"negative","positive","negative;positive","B",6.89060912014717,747
"748","undefined","hat","calibrator_val_feedback","Valence","SV",1773253581160,"positive",1780,"negative","positive","negative;positive","B",7.48436864328613,748
"749","undefined","jail","calibrator_val_feedback","Valence","SV",1773253585064,"negative",1143,"negative","positive","negative;positive","B",7.04141166379481,749
"750","undefined","joke","calibrator_val_feedback","Valence","SV",1773253589264,"positive",1436,"negative","positive","negative;positive","B",7.26961674960817,750
"751","undefined","joke","calibrator_val_no_feedback","Valence","SV",1773253593103,"positive",1078,"B","negative;positive","","",6.98286275146894,751
"752","undefined","insecure","calibrator_val_no_feedback","Valence","SV",1773253595248,"negative",1386,"B","negative;positive","","",7.23417717974985,752
"753","undefined","free","calibrator_val_no_feedback","Valence","SV",1773253597184,"positive",1173,"B","negative;positive","","",7.06731984865348,753
"754","undefined","kitten","calibrator_val_no_feedback","Valence","SV",1773253598695,"positive",756,"B","negative;positive","","",6.62804137617953,754
"755","undefined","industry","calibrator_val_no_feedback","Valence","SV",1773253600678,"positive",1226,"B","negative;positive","","",7.11151211649616,755
"756","undefined","grin","calibrator_val_no_feedback","Valence","SV",1773253602240,"positive",804,"B","negative;positive","","",6.68959926917897,756
"757","undefined","icebox","calibrator_val_no_feedback","Valence","SV",1773253604344,"positive",1350,"B","negative;positive","","",7.20785987143248,757
"758","undefined","invader","calibrator_val_no_feedback","Valence","SV",1773253606081,"negative",979,"B","negative;positive","","",6.88653164253051,758
"759","undefined","hat","calibrator_val_no_feedback","Valence","SV",1773253608448,"negative",1609,"B","negative;positive","","",7.38336814699238,759
"760","undefined","jail","calibrator_val_no_feedback","Valence","SV",1773253610070,"negative",861,"B","negative;positive","","",6.75809450442773,760
"761","undefined","invader","calibrator_val_feedback","Valence","SV",1748361402738,"negative",1239,"positive","negative","positive;negative","A",7.12205988162914,761
"762","undefined","icebox","calibrator_val_feedback","Valence","SV",1748361405593,"negative",1683,"positive","negative","positive;negative","A",7.42833319419081,762
"763","undefined","joke","calibrator_val_feedback","Valence","SV",1748361409134,"positive",778,"positive","negative","positive;negative","A",6.65672652417839,763
"764","undefined","hat","calibrator_val_feedback","Valence","SV",1748361413295,"positive",1401,"positive","negative","positive;negative","A",7.24494154633701,764
"765","undefined","grin","calibrator_val_feedback","Valence","SV",1748361417051,"positive",994,"positive","negative","positive;negative","A",6.90173720665657,765
"766","undefined","insecure","calibrator_val_feedback","Valence","SV",1748361420636,"negative",822,"positive","negative","positive;negative","A",6.71174039505618,766
"767","undefined","free","calibrator_val_feedback","Valence","SV",1748361425767,"positive",2363,"positive","negative","positive;negative","A",7.76768727718691,767
"768","undefined","industry","calibrator_val_feedback","Valence","SV",1748361432378,"positive",3838,"positive","negative","positive;negative","A",8.25270667656764,768
"769","undefined","kitten","calibrator_val_feedback","Valence","SV",1748361436294,"positive",1145,"positive","negative","positive;negative","A",7.04315991598834,769
"770","undefined","jail","calibrator_val_feedback","Valence","SV",1748361443017,"positive",3957,"positive","negative","positive;negative","A",8.28324144138542,770
"771","undefined","invader","calibrator_val_no_feedback","Valence","SV",1748361446651,"positive",867,"A","positive;negative","","",6.76503897678054,771
"772","undefined","grin","calibrator_val_no_feedback","Valence","SV",1748361450543,"positive",3133,"A","positive;negative","","",8.04974629095219,772
"773","undefined","jail","calibrator_val_no_feedback","Valence","SV",1748361453768,"negative",2468,"A","positive;negative","","",7.81116338502528,773
"774","undefined","hat","calibrator_val_no_feedback","Valence","SV",1748361455761,"positive",1232,"A","positive;negative","","",7.11639414409346,774
"775","undefined","joke","calibrator_val_no_feedback","Valence","SV",1748361458663,"positive",2137,"A","positive;negative","","",7.66715825531915,775
"776","undefined","icebox","calibrator_val_no_feedback","Valence","SV",1748361464202,"positive",4773,"A","positive;negative","","",8.4707303170059,776
"777","undefined","kitten","calibrator_val_no_feedback","Valence","SV",1748361465468,"positive",502,"A","positive;negative","","",6.21860011969173,777
"778","undefined","insecure","calibrator_val_no_feedback","Valence","SV",1748361466966,"negative",734,"A","positive;negative","","",6.59850902861452,778
"779","undefined","industry","calibrator_val_no_feedback","Valence","SV",1748361475652,"positive",7926,"A","positive;negative","","",8.97790377375038,779
"780","undefined","free","calibrator_val_no_feedback","Valence","SV",1748361486250,"positive",9834,"A","positive;negative","","",9.19360104797189,780
"781","undefined","grin","calibrator_val_feedback","Valence","SV",1748360719521,"positive",3433,"positive","negative","positive;negative","A",8.14118979345769,781
"782","undefined","kitten","calibrator_val_feedback","Valence","SV",1748360723705,"positive",1423,"positive","negative","positive;negative","A",7.26052259808985,782
"783","undefined","insecure","calibrator_val_feedback","Valence","SV",1748360727934,"negative",1468,"positive","negative","positive;negative","A",7.29165620917446,783
"784","undefined","hat","calibrator_val_feedback","Valence","SV",1748360732797,"positive",2106,"positive","negative","positive;negative","A",7.65254569269392,784
"785","undefined","free","calibrator_val_feedback","Valence","SV",1748360737054,"positive",1495,"positive","negative","positive;negative","A",7.30988148582479,785
"786","undefined","jail","calibrator_val_feedback","Valence","SV",1748360740702,"negative",887,"positive","negative","positive;negative","A",6.78784498230958,786
"787","undefined","invader","calibrator_val_feedback","Valence","SV",1748360745061,"negative",1598,"positive","negative","positive;negative","A",7.37650812632622,787
"788","undefined","industry","calibrator_val_feedback","Valence","SV",1748360750070,"positive",2248,"positive","negative","positive;negative","A",7.71779621101358,788
"789","undefined","joke","calibrator_val_feedback","Valence","SV",1748360754142,"positive",1316,"positive","negative","positive;negative","A",7.18235211188526,789
"790","undefined","icebox","calibrator_val_feedback","Valence","SV",1748360759291,"positive",2388,"positive","negative","positive;negative","A",7.77821147451249,790
"791","undefined","invader","calibrator_val_no_feedback","Valence","SV",1748360763192,"negative",1139,"A","positive;negative","","",7.03790596344718,791
"792","undefined","hat","calibrator_val_no_feedback","Valence","SV",1748360765109,"positive",1161,"A","positive;negative","","",7.05703698169789,792
"793","undefined","industry","calibrator_val_no_feedback","Valence","SV",1748360766721,"positive",855,"A","positive;negative","","",6.75110146893676,793
"794","undefined","icebox","calibrator_val_no_feedback","Valence","SV",1748360768467,"positive",989,"A","positive;negative","","",6.89669433162271,794
"795","undefined","grin","calibrator_val_no_feedback","Valence","SV",1748360770395,"positive",1170,"A","positive;negative","","",7.0647590277918,795
"796","undefined","insecure","calibrator_val_no_feedback","Valence","SV",1748360772066,"negative",911,"A","positive;negative","","",6.81454289725996,796
"797","undefined","kitten","calibrator_val_no_feedback","Valence","SV",1748360773796,"positive",975,"A","positive;negative","","",6.88243747099785,797
"798","undefined","joke","calibrator_val_no_feedback","Valence","SV",1748360775367,"positive",813,"A","positive;negative","","",6.70073110954781,798
"799","undefined","free","calibrator_val_no_feedback","Valence","SV",1748360777141,"positive",1016,"A","positive;negative","","",6.92362862813843,799
"800","undefined","jail","calibrator_val_no_feedback","Valence","SV",1748360778771,"negative",872,"A","positive;negative","","",6.77078942390898,800
